,Handle,Date,Text,Compound,Positive,Neutral,Negative
0,@BBC,Thu Mar 08 20:33:04 +0000 2018,"Jack Jarvis and Victor McDade are back for another hilarious six-part series. 

#StillGame | 9:30pm | @BBCOne |‚Ä¶ https://t.co/zFtd4VQyKL",0.4019,0.144,0.856,0.0
1,@BBC,Thu Mar 08 20:03:04 +0000 2018,"Lucy and Lee are back! üôåüéâ

#NotGoingOut | 9pm | @BBCOne | https://t.co/dUnnFaIoci https://t.co/gSpTMCPrSC",0.0,0.0,1.0,0.0
2,@BBC,Thu Mar 08 18:00:06 +0000 2018,"What advice would YOU give your younger self? ü§î

#InternationalWomensDay #IWD2018 https://t.co/vIwPLtzTbO",0.0,0.0,1.0,0.0
3,@BBC,Thu Mar 08 17:30:11 +0000 2018,"In recognition of International Women‚Äôs Day, a playlist in celebration of the funniest, saddest and most significan‚Ä¶ https://t.co/4WCrxvJxFY",-0.1027,0.159,0.664,0.177
4,@BBC,Thu Mar 08 17:00:09 +0000 2018,"üî¨ More than half of the UK can't name a famous woman in science. 

Time to change that. 
üëâ https://t.co/3HVhvFaxaT‚Ä¶ https://t.co/KL0D1vIw8S",0.0,0.0,1.0,0.0
5,@BBC,Thu Mar 08 16:30:05 +0000 2018,"‚úçÔ∏èüôå Lotte Reiniger is the unsung heroine of early animation. 

#InternationalWomensDay #IWD2018 https://t.co/Z4qDFWXcCS",0.5719,0.236,0.764,0.0
6,@BBC,Thu Mar 08 16:05:42 +0000 2018,"RT @BBCMOTD: Favourite emoji?
Champions League or World Cup?

@TekkerzKid quizzes @ManUtd striker @MarcusRashford for #BBCOwnIt.

üì∫ Check o‚Ä¶",0.5803,0.181,0.819,0.0
7,@BBC,Thu Mar 08 15:30:09 +0000 2018,"‚öΩÔ∏èü•Ö The story of the fall and rise of women's football, told through 10 objects collected by the National‚Ä¶ https://t.co/xOi8wNW64N",0.0,0.0,1.0,0.0
8,@BBC,Thu Mar 08 15:09:13 +0000 2018,"RT @bbcmusic: üôå @Camila_Cabello just dropped the video for 'Never Be The Same' üíï
What do you think?

Watch üëâ https://t.co/gv60m6x9Wk https:‚Ä¶",0.0,0.0,1.0,0.0
9,@BBC,Thu Mar 08 15:00:05 +0000 2018,"Nine-year-old Lola thinks more girls should take up skateboarding.

Lola is rad. ü§òüòù

#InternationalWomensDay‚Ä¶ https://t.co/EeOygOVfoh",0.0,0.0,1.0,0.0
10,@BBC,Thu Mar 08 14:30:02 +0000 2018,"üé®üñº #AnnieSwynnerton: The woman who forced open the male art world and blazed a trail for female artists.
üëâ‚Ä¶ https://t.co/rHDoqWL4iI",-0.4588,0.0,0.857,0.143
11,@BBC,Thu Mar 08 13:30:05 +0000 2018,"üéìüéí These women are pushing young girls into school, not marriage. 

#InternationalWomensDay #IWD2018 https://t.co/TIf5lbu3GZ",0.0,0.0,1.0,0.0
12,@BBC,Thu Mar 08 13:09:22 +0000 2018,"RT @bbcworldservice: In Senegal, graffiti artist Zeinixx is campaigning for women's rights... with spray paint. üá∏üá≥ https://t.co/cy2ddCmEKo",0.0,0.0,1.0,0.0
13,@BBC,Thu Mar 08 13:02:03 +0000 2018,"RT @bbc5live: ‚ÄúThat was the end of my childhood‚Äù

Money saving expert @MartinSLewis opens up to @tonylivesey about the death of his mum, th‚Ä¶",-0.5994,0.0,0.855,0.145
14,@BBC,Thu Mar 08 13:00:08 +0000 2018,üé§ üéßGrime through time: A brief history of one of the biggest music genres to come out of the UK https://t.co/876CsOCFsa,0.0,0.0,1.0,0.0
15,@BBC,Thu Mar 08 12:34:42 +0000 2018,"RT @BBCRadio4: Ten female authors who changed sci-fi: https://t.co/r5s1mqYrQD
#IWD2018 https://t.co/cQxHsT9c3E",0.0,0.0,1.0,0.0
16,@BBC,Thu Mar 08 12:30:04 +0000 2018,"Thousands of women in the UK can't afford to buy tampons and towels. 

#InternationalWomensDay #IWD2018 https://t.co/66P7IrZ9lB",0.0,0.0,1.0,0.0
17,@BBC,Thu Mar 08 12:00:02 +0000 2018,"üë∑üë∑‚Äç‚ôÄÔ∏è Building future engineers - it's a lot easier than you think! 

#BitzAndBob | @CbeebiesHQ https://t.co/YV3kTIj0Dx",0.4753,0.205,0.795,0.0
18,@BBC,Thu Mar 08 11:46:51 +0000 2018,"RT @BBCR1: üíõüíõüíõ 

Who's ready for @thegreatkhalid in the Live Lounge?

Make sure you're listening to @claraamfo at 12pm üëâ https://t.co/48Ruy‚Ä¶",0.5859,0.211,0.789,0.0
19,@BBC,Thu Mar 08 11:00:05 +0000 2018,"Life advice from one of our all-time favourite women, @DawnFrenchUK.  

#InternationalWomensDay #IWD2018 https://t.co/MAOUgpWb7J",0.0,0.0,1.0,0.0
20,@BBC,Thu Mar 08 10:54:28 +0000 2018,RT @bbcthree: Happy International Women‚Äôs Day! Here's @StaceyDooley with some top tips for aspiring broadcasters #IWD2018 https://t.co/Rbq7‚Ä¶,0.6996,0.279,0.721,0.0
21,@BBC,Thu Mar 08 10:32:59 +0000 2018,RT @bbcarts: Clay artist @_PhoebeCummings launches her new incredible new work on #InternationalWomensDay. Audiences can watch as the sculp‚Ä¶,0.0,0.0,1.0,0.0
22,@BBC,Thu Mar 08 09:57:10 +0000 2018,"RT @BBCRadio4: Who are the women that inspire you the most?
From Dawn_French to @Leomie_Anderson, @ScarlettMoffatt to @saoirse_ronan, women‚Ä¶",0.5719,0.171,0.829,0.0
23,@BBC,Thu Mar 08 09:30:12 +0000 2018,üëî The story behind Oscar winner James Ivory‚Äôs Timothee Chalamet shirt: https://t.co/CY4AJusVEg https://t.co/ANiWIYVSsu,0.5859,0.257,0.743,0.0
24,@BBC,Thu Mar 08 09:04:01 +0000 2018,"üîß Who built the world? Girls! 

#InternationalWomensDay #IWD2018 https://t.co/6QY6CDcp1h",0.0,0.0,1.0,0.0
25,@BBC,Thu Mar 08 08:30:00 +0000 2018,üéß @BBCR1's @ClaraAmfo gives aspiring DJs advice and tells us about who inspires her this #InternationalWomensDay.‚Ä¶ https://t.co/FvBtbQ9cs1,0.4404,0.162,0.838,0.0
26,@BBC,Thu Mar 08 08:00:05 +0000 2018,"üí™ A brief history of #feminism. 

#InternationalWomensDay #IWD2018 https://t.co/EGm8W4OKJ2",0.0,0.0,1.0,0.0
27,@BBC,Thu Mar 08 07:30:06 +0000 2018,"For more than a century people around the world have been marking #InternationalWomensDay. Here's why.
üëâ‚Ä¶ https://t.co/rkKYo23Qfo",0.0,0.0,1.0,0.0
28,@BBC,Wed Mar 07 19:12:02 +0000 2018,"'Harry was looking at his family for the first time in his life'. 

üíõ‚ö°Ô∏è‚ú® David Thewlis reading #HarryPotter is trul‚Ä¶ https://t.co/wAyCDFvrX2",0.0,0.0,1.0,0.0
29,@BBC,Wed Mar 07 18:23:04 +0000 2018,"‚úÇÔ∏è ‚ÄòMy hair is a symbol of pride.‚Äô

üíáüèΩüíáüèøüíáüèæ Six stories about black women's hair.
üëâ https://t.co/NfNvGpKpVi https://t.co/V1qrRJzwfu",0.0,0.0,1.0,0.0
30,@BBC,Wed Mar 07 17:42:01 +0000 2018,The little mouse that inspired Pikachu is actually a rabbit! https://t.co/AxOQOaK4dS,0.4987,0.264,0.736,0.0
31,@BBC,Wed Mar 07 17:27:29 +0000 2018,"RT @BBCTwo: If you haven't seen #ACSVersace yet, Pen√©lope Cruz as Donatella Versace is everything... https://t.co/lH9kfRGqO2",0.0,0.0,1.0,0.0
32,@BBC,Wed Mar 07 17:22:51 +0000 2018,"RT @BBCBreakfast: In many ways Hedy Lamarr was the archetypal Hollywood starlet, but the Austrian born actress was also an inventor and the‚Ä¶",0.0,0.0,1.0,0.0
33,@BBC,Wed Mar 07 17:22:23 +0000 2018,RT @BBCScotlandNews: A Scottish school has won a prestigious award for its pioneering work helping children with their reading and writing‚Ä¶,0.8555,0.37,0.63,0.0
34,@BBC,Wed Mar 07 17:16:45 +0000 2018,RT @bbceurovision: A storm is coming.@surieofficial  ‚õà üëâ https://t.co/LYIiBgcZdA https://t.co/heOKLnjo2N,0.0,0.0,1.0,0.0
35,@BBC,Wed Mar 07 17:14:49 +0000 2018,RT @BBCTwo: Nostalgia heaven! How many of these 80s &amp; 90s things can you remember? ü§î #BackInTimeForTea https://t.co/l0R6nHrTj1,0.5562,0.183,0.817,0.0
36,@BBC,Wed Mar 07 17:13:49 +0000 2018,"üìñ Time to 'embiggen' your vocabulary.

A new word, first heard on @TheSimpsons in 1996, has been added to the‚Ä¶ https://t.co/qGvkGgjAcB",0.0,0.0,1.0,0.0
37,@BBC,Wed Mar 07 16:15:06 +0000 2018,RT @bbccomedy: WOOF! ‚ù§Ô∏è#RikMayallDay https://t.co/ioJtvYVFRO,0.0,0.0,1.0,0.0
38,@BBC,Wed Mar 07 14:30:03 +0000 2018,üò± The most hardcore baptism you‚Äôll ever see. https://t.co/aEsVqMUPQ2,0.0,0.0,1.0,0.0
39,@BBC,Wed Mar 07 13:24:05 +0000 2018,"#InternationalWomensDay is tomorrow, so there's no better time to test how much you know about female suffrage.
üëâ‚Ä¶ https://t.co/6ulqfr8zyL",0.1742,0.14,0.751,0.109
40,@BBC,Wed Mar 07 12:30:04 +0000 2018,üöÇüíÄ All aboard London's Victorian railway for the dead. https://t.co/L7vJO4ybeD,-0.6369,0.082,0.597,0.321
41,@BBC,Wed Mar 07 11:42:44 +0000 2018,"üòç The first polar bear cub to be born in the UK for 25 years has emerged at the @RZSS's @HighlandWPark!
üëâ‚Ä¶ https://t.co/4fhzBaxwjF",0.0,0.0,1.0,0.0
42,@BBC,Wed Mar 07 11:07:18 +0000 2018,"RT @bbccomedy: Today would have been the 60th birthday of the legend, the genius, the king Rik Mayall. We miss you, sir! #RikMayallDay http‚Ä¶",-0.2244,0.0,0.924,0.076
43,@BBC,Wed Mar 07 10:46:56 +0000 2018,The wreck of a US aircraft carrier that was sunk during WW2 has been found off the coast of Australia. https://t.co/8NQfRdFXTE,-0.4404,0.0,0.868,0.132
44,@BBC,Wed Mar 07 10:41:15 +0000 2018,RT @BBCFOUR: There's a very good reason this extreme firework was banned... https://t.co/pdfpcDiJ4h,0.4927,0.225,0.775,0.0
45,@BBC,Wed Mar 07 09:58:38 +0000 2018,"RT @CBeebiesHQ: 3 out of 4 parents wouldn‚Äôt be able to save their baby from choking. 

Learn how to help in a first aid emergency‚Ä¶https://t‚Ä¶",0.4404,0.211,0.681,0.108
46,@BBC,Wed Mar 07 09:00:07 +0000 2018,A moving story of how one woman transformed Alzheimer‚Äôs research forever. ‚ù§Ô∏èhttps://t.co/2fwJDbWT8x,0.0,0.0,1.0,0.0
47,@BBC,Wed Mar 07 08:46:22 +0000 2018,RT @BBCOne: They've smashed the record for the highest profit EVER on Antiques Road Trip! üò≤ https://t.co/TNuRcp2EOq,0.4926,0.175,0.825,0.0
48,@BBC,Wed Mar 07 08:46:14 +0000 2018,"RT @bbc5live: What happens to your old paint?

A scheme in Leeds to recycle unused paint has saved hundreds of tons of leftovers from endin‚Ä¶",0.4215,0.109,0.891,0.0
49,@BBC,Wed Mar 07 08:45:50 +0000 2018,"RT @BBCTwo: When this father and daughter paddled into the sea, they had no idea how much danger they were in... #SavingLivesAtSea https://‚Ä¶",-0.6808,0.0,0.789,0.211
50,@BBC,Wed Mar 07 08:44:59 +0000 2018,"RT @cbbc: There are over 128,000 children in the UK without a home.

Watch CBBC's powerful documentary about homeless children on @BBCiPlay‚Ä¶",0.4215,0.123,0.877,0.0
51,@BBC,Wed Mar 07 08:30:07 +0000 2018,"Dirty water kills millions every year. 

But one ingenious invention can remove dangerous microbes as they flow tow‚Ä¶ https://t.co/isjxUnr3Dp",-0.8591,0.0,0.627,0.373
52,@BBC,Wed Mar 07 08:00:04 +0000 2018,"La Dame de Brassempouy is a beautiful 25,000 year-old representation of a female face. 
#Civilisations https://t.co/aKGUlvJFGF",0.5994,0.231,0.769,0.0
53,@BBC,Tue Mar 06 19:30:06 +0000 2018,"üòÇüôä Who has a filthier mouth, Jennifer Lawrence or James McAvoy? https://t.co/lOfGcHVo6R",0.0,0.0,1.0,0.0
54,@BBC,Tue Mar 06 18:30:07 +0000 2018,"A diver swims through a thick soup of plastic waste near Bali.
https://t.co/W8GJNKq8rm",-0.4215,0.0,0.781,0.219
55,@BBC,Tue Mar 06 18:03:04 +0000 2018,"Every day around the UK, an army of unpaid volunteers put their lives on the line to try and save complete stranger‚Ä¶ https://t.co/W3Fel1iPSK",0.4939,0.127,0.873,0.0
56,@BBC,Tue Mar 06 17:30:07 +0000 2018,"Impressive and terrifying in equal measure. 

This woman doesn't just sleepwalk... she sleep-drives too. https://t.co/Ovwb4dNaYJ",-0.1027,0.165,0.65,0.185
57,@BBC,Tue Mar 06 17:25:44 +0000 2018,RT @bbcwritersroom: New #Brexit #comedy Soft Border Patrol is set on the border between #NorthernIreland and the Republic of #Ireland. We p‚Ä¶,0.0,0.0,1.0,0.0
58,@BBC,Tue Mar 06 17:02:04 +0000 2018,üêß Scientists have stumbled across a huge group of previously unknown Ad√©lie penguins on the most northerly point of‚Ä¶ https://t.co/3GQ8PlQyMY,0.3182,0.119,0.881,0.0
59,@BBC,Tue Mar 06 15:30:10 +0000 2018,"Too many Lego bricks is a problem many parents will sympathise with, but now the toy firm itself has admitted it ha‚Ä¶ https://t.co/4J0whItWAN",-0.0644,0.068,0.853,0.079
60,@BBC,Tue Mar 06 14:44:33 +0000 2018,RT @bbccomedy: Nothing says welcome to the neighbourhood quite like everyone's favourite busybody üòÇ#TwoDoorsDown https://t.co/dClRm13dm9,0.6997,0.308,0.692,0.0
61,@BBC,Tue Mar 06 14:30:05 +0000 2018,"üçª Cheers to that! 

Pubs will be allowed to stay open later than usual to give everyone a chance to celebrate Princ‚Ä¶ https://t.co/K7toUnOwSG",0.8439,0.336,0.664,0.0
62,@BBC,Tue Mar 06 13:48:06 +0000 2018,"Tickets, food wrappers and posters provide a fascinating insight into the creativity of North Korea, and the image‚Ä¶ https://t.co/oe4tZwlBJw",0.7269,0.276,0.724,0.0
63,@BBC,Tue Mar 06 13:12:33 +0000 2018,"RT @bbcthree: No you can't cure depression with meditation, kale or by simply cheering up. https://t.co/gsM8lRX6N2",0.6246,0.293,0.605,0.102
64,@BBC,Tue Mar 06 13:11:26 +0000 2018,RT @BBCScotlandNews: A giant three-dimensional concrete map of Scotland is to be officially unveiled next month in the Borders https://t.co‚Ä¶,0.0,0.0,1.0,0.0
65,@BBC,Tue Mar 06 13:10:12 +0000 2018,"üëü‚ôªÔ∏è British designer Anna Bullus is on a mission to recycle chewing gum into useful objects, cleaning up our street‚Ä¶ https://t.co/WbBeJSXXqF",0.4404,0.132,0.868,0.0
66,@BBC,Tue Mar 06 12:30:05 +0000 2018,What happened to the beautiful Opal Reef that was one of the stars of David Attenborough's #BluePlanet2? https://t.co/RMNYfrBbdK,0.5994,0.187,0.813,0.0
67,@BBC,Tue Mar 06 10:18:16 +0000 2018,"RT @BBCSportWales: We could watch this all day! 

Welcome to the wonderful world of football analogies - starring @SwansOfficial manager Ca‚Ä¶",0.7901,0.28,0.72,0.0
68,@BBC,Tue Mar 06 09:00:05 +0000 2018,üêí‚ù§Ô∏è This baby chimp is being flown to a new home in DR Congo after it was rescued from poachers. https://t.co/rUZzDVLBt8,0.4215,0.128,0.872,0.0
69,@BBC,Tue Mar 06 08:30:10 +0000 2018,üíçüôÖ Crippling costs and parents' split-ups could be to blame for the declining number of marriages between men and w‚Ä¶ https://t.co/avVWNgx3jH,-0.2732,0.057,0.837,0.106
70,@BBC,Tue Mar 06 08:03:02 +0000 2018,"We've all heard thunder before, but what does lightning sound like? ‚ö°Ô∏èü§îhttps://t.co/3BGKK7iukQ",0.5023,0.228,0.772,0.0
71,@BBC,Mon Mar 05 19:30:07 +0000 2018,üòÇ Who actually watched the #Oscars? https://t.co/opThFzy37n,0.0,0.0,1.0,0.0
72,@BBC,Mon Mar 05 18:38:04 +0000 2018,"No meat. No fish. No eggs. No milk. No cheese. How hard is it to go vegan for a month? 

ü•¶ü•ëüçè Nesta McGregor investi‚Ä¶ https://t.co/1UBRGqIOp6",-0.8555,0.0,0.592,0.408
73,@BBC,Mon Mar 05 17:23:22 +0000 2018,"Like father, like daughter.

üòÇüî• @GordonRamsay's daughter has already mastered the art of the roast. https://t.co/0dqwntX5uj",0.6124,0.263,0.737,0.0
74,@BBC,Mon Mar 05 17:15:34 +0000 2018,RT @BBCFOUR: The little mouse that inspired Pikachu is actually... a rabbit. https://t.co/mHCFFXczka,0.4472,0.211,0.789,0.0
75,@BBC,Mon Mar 05 17:00:31 +0000 2018,"""I made a promise to our six-year-old lead actress that I would sign this speech. My hands are shaking a little bit‚Ä¶ https://t.co/HgFpUtHDTB",0.1531,0.105,0.818,0.077
76,@BBC,Mon Mar 05 14:48:43 +0000 2018,"RT @BBCRadio4: As it's Hexagonal Phase approaches, a brief history of the Hitchhiker's Guide: https://t.co/Ehp9AfMyn8 #h2g2 https://t.co/9F‚Ä¶",0.0,0.0,1.0,0.0
77,@BBC,Mon Mar 05 14:43:13 +0000 2018,RT @BBCFOUR: How did Julius Caesar hide his bald patch? https://t.co/SME5Dfwifj,-0.1779,0.0,0.855,0.145
78,@BBC,Mon Mar 05 14:42:36 +0000 2018,"RT @BBC_Teach: Thursday is #InternationalWomensDay

Reflecting on The Representation of the People Act with your class? @gemcairn traces th‚Ä¶",0.0,0.0,1.0,0.0
79,@BBC,Mon Mar 05 14:11:28 +0000 2018,"RT @bbc5live: When you almost (accidentally) kill @Harry_Styles on the set of Dunkirk‚Ä¶ üò≥

 #Oscars https://t.co/G127l5yPkY",-0.6621,0.0,0.76,0.24
80,@BBC,Mon Mar 05 14:07:00 +0000 2018,"RT @cbbc: Which football clubs charge the most for their pies? Take the imPIErative quiz here ‚öΩÔ∏èüç¥ üëâ https://t.co/xlSch4HVvl

#BritishPieWee‚Ä¶",0.0,0.0,1.0,0.0
81,@BBC,Mon Mar 05 13:17:03 +0000 2018,"üê∂üíõ Little Ivor the Staffordshire puppy is deaf, but since learning sign language his life has changed for the bette‚Ä¶ https://t.co/vL83oBTAIL",0.0,0.0,1.0,0.0
82,@BBC,Mon Mar 05 13:07:19 +0000 2018,RT @BBCFood: #MeatFreeMonday + #BritishPieWeek = Lancashire cheese and onion pie üôå ü•ßüßÄ https://t.co/07cH2MESmI https://t.co/G79WTJJnKr,0.0,0.0,1.0,0.0
83,@BBC,Mon Mar 05 12:34:04 +0000 2018,"What is the best way to cope with adult acne? @BBCWomansHour asked dermatologist @DrAnjaliMahto to find out... 
üìªüëâ‚Ä¶ https://t.co/DxHxgWTslT",0.6369,0.189,0.811,0.0
84,@BBC,Mon Mar 05 12:33:12 +0000 2018,"RT @bbcgetinspired: It was a feat some doctors said was impossible. Then Roger Bannister came along.

The first man to run a four-minute mi‚Ä¶",0.0,0.0,1.0,0.0
85,@BBC,Mon Mar 05 11:54:02 +0000 2018,"üêãüèä What an experience!  
This is what it's like to go swimming with whales... 
#AmazingHotels https://t.co/ji90J6Olsj",0.4199,0.157,0.843,0.0
86,@BBC,Mon Mar 05 11:37:55 +0000 2018,"‚ù§Ô∏è Just adorable. 
How would you react if your daughter won an Oscar? 
#TheSilentChild #Oscars https://t.co/ienD3dDtKX",0.7845,0.33,0.67,0.0
87,@BBC,Mon Mar 05 11:00:11 +0000 2018,"This year's #Oscars have been handed out at the 90th annual Academy Awards in Hollywood. Find out who won, and who‚Ä¶ https://t.co/ZxfsMpDVwd",0.7717,0.251,0.749,0.0
88,@BBC,Mon Mar 05 10:42:57 +0000 2018,"RT @BBCCornwall: It's #StPiransDay - so cheers to everyone! #GoolPeranLowen üåÆ

Bit of fun .. complete this sentence ""You know you're #Corni‚Ä¶",0.8384,0.345,0.655,0.0
89,@BBC,Mon Mar 05 10:42:50 +0000 2018,"RT @BBC6Music: ü•ü Gool Peran Lowen / Happy #StPiransDay to all of our 
‚Äòansom Cornish listeners. 

To celebrate Gwenno is in session for @la‚Ä¶",0.8126,0.27,0.73,0.0
90,@BBC,Mon Mar 05 10:09:20 +0000 2018,"RT @BBCRD: Available now! üì≤ Download the #Civilisations Augmented Reality app @BBCTaster to explore classic art, objects, and artefacts fro‚Ä¶",0.0,0.0,1.0,0.0
91,@BBC,Mon Mar 05 09:58:23 +0000 2018,RT @BBCRadio2: What'sthe first leg of @ZoeTheBall's epic Sport Relief challenge? üö≤ She updates @achrisevans on #HardestRoadHome @sportrelie‚Ä¶,0.5267,0.227,0.773,0.0
92,@BBC,Mon Mar 05 09:30:07 +0000 2018,üé≠üé¨#Oscars outfits designed to dazzle - all the red carpet glamour from the 90th Academy Awards in pictures‚Ä¶ https://t.co/iMBBXl75k0,0.7506,0.286,0.714,0.0
93,@BBC,Mon Mar 05 09:00:05 +0000 2018,üòç A rare pure-white stoat! https://t.co/VoR9jXJmk4,0.0,0.0,1.0,0.0
94,@BBC,Mon Mar 05 08:30:04 +0000 2018,"Many personality traits can be observed but there are other hidden forces that shape who we are.
üëâ‚Ä¶ https://t.co/aTsldl7s1z",0.0,0.0,1.0,0.0
95,@BBC,Mon Mar 05 08:00:04 +0000 2018,"üêùüçØ How honey is collected.
#AmazingHotels https://t.co/UIJKlsamx5",0.0,0.0,1.0,0.0
96,@BBC,Sun Mar 04 20:11:35 +0000 2018,RT @BBCNewsbeat: Miss Piggy has some strong feelings about this year's #Oscars selection üôàüòÇ https://t.co/vzHGz8PtmD,0.4019,0.184,0.726,0.089
97,@BBC,Sun Mar 04 19:00:05 +0000 2018,Sloths have survived for more than 60 million years - what makes them so successful?  https://t.co/H4BAA5kAOL,0.8468,0.386,0.614,0.0
98,@BBC,Sun Mar 04 18:59:39 +0000 2018,RT @BBCWorld: Watch this baby chimp being flown to a new home in DR Congo after it was rescued from poachers üêí‚ù§Ô∏è https://t.co/mZfGI8h6Gc,0.4215,0.118,0.882,0.0
99,@BBC,Sun Mar 04 18:00:09 +0000 2018,"üé¨üèÜ So you've got the critical acclaim, you've got the industry buzz, you might even have a Golden Globe in your dow‚Ä¶ https://t.co/WdGFOHrFMZ",-0.3182,0.0,0.901,0.099
100,@CBS,Thu Mar 08 18:00:49 +0000 2018,Today and every day we celebrate the women in our lives who empower and inspire us. Share a story about an¬†influent‚Ä¶ https://t.co/9rVtqrElvT,0.8625,0.336,0.664,0.0
101,@CBS,Thu Mar 08 17:03:04 +0000 2018,Take and post a photo of the woman in your life who inspires you daily! Use the hashtag #WomanAmenACM in your post‚Ä¶ https://t.co/7ShhvE48zy,0.4926,0.132,0.868,0.0
102,@CBS,Wed Mar 07 18:39:10 +0000 2018,"RT @thegoodfight: Meticulously constructed. Soapy &amp; sexy. Intoxicating, savage television. üî• Here's what critics are saying about #TheGoodF‚Ä¶",-0.2023,0.15,0.619,0.23
103,@CBS,Wed Mar 07 17:06:02 +0000 2018,"This just in! @Jason_Aldean, @mirandalambert, @LukeBryanOnline, and many more are set to perform at the 53rd Academ‚Ä¶ https://t.co/mfxw2VxzU4",0.0,0.0,1.0,0.0
104,@CBS,Tue Mar 06 18:10:59 +0000 2018,"Meet the ensemble of talented actors slated to join $1, a new mystery series coming to CBS All Access:‚Ä¶ https://t.co/QoyYv7vxwg",0.6705,0.244,0.756,0.0
105,@CBS,Mon Mar 05 22:16:43 +0000 2018,"Will @Jason_Aldean, @garthbrooks, @LukeBryanOnline, @ChrisStapleton, or @KeithUrban be named Entertainer Of The Yea‚Ä¶ https://t.co/rMD8zjeX3s",0.3818,0.167,0.833,0.0
106,@CBS,Sun Mar 04 08:05:26 +0000 2018,"RT @thegoodfight: It feels good to be back. üë†üíÑüî• The season 2 premiere of #TheGoodFight is now streaming, exclusively on CBS All Access: htt‚Ä¶",0.4404,0.116,0.884,0.0
107,@CBS,Sat Mar 03 20:55:20 +0000 2018,"RT @thegoodfight: Tomorrow, #TheGoodFight is back. Stream the season 2 premiere only on CBS All Access: https://t.co/tNFR8LBJO2 https://t.c‚Ä¶",0.0,0.0,1.0,0.0
108,@CBS,Fri Mar 02 22:30:01 +0000 2018,"Who are the trailblazing women in your life that inspire you? Join CBS and the ANA's #SeeHer initiative, celebratin‚Ä¶ https://t.co/M0KqZ41Bes",0.7096,0.247,0.753,0.0
109,@CBS,Fri Mar 02 20:30:01 +0000 2018,"Join @maria_bello, @aishatyler and @TeaLeoni in celebrating the accomplishments of women who have contributed to th‚Ä¶ https://t.co/MefESBeFL3",0.7096,0.282,0.718,0.0
110,@CBS,Fri Mar 02 18:45:00 +0000 2018,"In honor of Women's History Month, CBS and the Association of National Advertisers' (ANA) #SeeHer initiative will p‚Ä¶ https://t.co/2wtYxKJVuO",0.4939,0.151,0.849,0.0
111,@CBS,Thu Mar 01 18:59:01 +0000 2018,RT @ZoeListerJones: Tonight‚Äôs an all new Life In Pieces and it‚Äôs directed by my ride or die @nataliaanderson!!!‚Ä¶ https://t.co/2LPfmyLWrY,-0.6981,0.0,0.79,0.21
112,@CBS,Thu Mar 01 18:12:57 +0000 2018,"RT @MarenMorris: Hot damn! Woke up from my post-wisdom teeth haze to find out I‚Äôm up for 4 @ACMawards ! So honored, especially for the Dear‚Ä¶",0.4547,0.159,0.749,0.092
113,@CBS,Thu Mar 01 18:11:50 +0000 2018,RT @KelseaBallerini: Ohhhhh goodness. Incredible. Thank you thank you thank you. #female https://t.co/1ZTYjNfQeF,0.8591,0.538,0.462,0.0
114,@CBS,Thu Mar 01 18:10:50 +0000 2018,RT @KeithUrban: ACMs...... HOLY SMOKES!!!!! MAD LOVE TO U ALL THIS MORNING  FOR THESE INCREDIBLE NOMINATIONS. I‚ÄôM EXTREMELY GRATEFUL!!!!!!!‚Ä¶,0.4885,0.234,0.615,0.151
115,@CBS,Thu Mar 01 14:36:21 +0000 2018,"RT @ACMawards: Congratulations to this year‚Äôs #ACMawards Video of the Year nominees:
‚ÄúBlack‚Äù - @DierksBentley
‚ÄúIt Ain‚Äôt My Fault‚Äù - @Brothe‚Ä¶",0.5994,0.178,0.822,0.0
116,@CBS,Thu Mar 01 14:29:20 +0000 2018,"RT @ACMawards: Please give a round of applause to this year‚Äôs #ACMawards Entertainer of the Year nominees: @Jason_Aldean, @GarthBrooks, @Lu‚Ä¶",0.7717,0.325,0.675,0.0
117,@CBS,Thu Mar 01 14:15:29 +0000 2018,".@ChrisStapleton, @ThomasRhett, @mirandalambert and more are all nominated for awards at Country Music's Party of t‚Ä¶ https://t.co/Vm1vXRUDYJ",0.6908,0.275,0.725,0.0
118,@CBS,Thu Mar 01 13:50:11 +0000 2018,"The Queen of Country, @Reba, is returning to host the 53rd #ACMawards on Sunday, April 15 at 8/7c. Here are a few o‚Ä¶ https://t.co/Iqzz6Gql01",0.0,0.0,1.0,0.0
119,@CBS,Thu Mar 01 01:04:52 +0000 2018,RT @survivorcbs: It‚Äôs time! #Survivor https://t.co/YPk6cGWrUA,0.0,0.0,1.0,0.0
120,@CBS,Wed Feb 28 19:56:58 +0000 2018,"RT @CBSThisMorning: TOMORROW: The nominees for the 2018 @ACMawards will be announced live by the one-and-only, @Reba! 

Watch on @CBS in ou‚Ä¶",0.0,0.0,1.0,0.0
121,@CBS,Wed Feb 28 19:08:30 +0000 2018,"RT @thegoodfight: From the set design and costumes to hair and makeup, the production quality is truly next-level. Take a peek inside the u‚Ä¶",0.4404,0.116,0.884,0.0
122,@CBS,Tue Feb 27 03:23:47 +0000 2018,RT @LivinBiblically: The fun continues on Facebook! The #LivingBiblically cast is live to talk about tonight‚Äôs premiere. Tune in here: http‚Ä¶,0.5562,0.152,0.848,0.0
123,@CBS,Mon Feb 26 22:50:32 +0000 2018,"RT @KevinCanWaitCBS: Can you get all the way through these #KevinCanWait bloopers without laughing?! @KevinJames,@LeahRemini and the rest o‚Ä¶",0.0,0.0,1.0,0.0
124,@CBS,Mon Feb 26 21:08:30 +0000 2018,"RT @ACMawards: That‚Äôs right! @Reba is headed to @CBSThisMorning on Thursday, March 1 to announce this year‚Äôs #ACMAwards' nominees. Tune in‚Ä¶",0.0,0.0,1.0,0.0
125,@CBS,Mon Feb 26 19:53:41 +0000 2018,"RT @ScorpionCBS: You can't hack your way to a 197 IQ, but you are well on your way with these Genius Facts from #TeamScorpion! üíª You can be‚Ä¶",0.4482,0.105,0.895,0.0
126,@CBS,Mon Feb 26 18:32:36 +0000 2018,RT @SuperiorDonuts: You can always count on @DavidKoechner for a laugh! Did your favorite Tush moment make the list? Catch a new #SuperiorD‚Ä¶,0.784,0.266,0.734,0.0
127,@CBS,Mon Feb 26 18:20:16 +0000 2018,RT @TheTalkCBS: TODAY: We loved them together then &amp; we love seeing them together now! Welcome back to the show @THESaraGilbert‚Äã's good fri‚Ä¶,0.9359,0.429,0.571,0.0
128,@CBS,Mon Feb 26 16:53:56 +0000 2018,"RT @thegoodfight: As foundations begin to crumble, our characters struggle to make sense of this new dystopian world. The cast teases what'‚Ä¶",-0.5423,0.0,0.816,0.184
129,@CBS,Mon Feb 26 16:52:01 +0000 2018,"#LivingBiblically's @linzkraft and @jrfergjr appeared on @KCBS's Facebook Live this morning, talking all about what‚Ä¶ https://t.co/4RebcHuuMQ",0.0,0.0,1.0,0.0
130,@CBS,Mon Feb 26 16:17:55 +0000 2018,"RT @CBSSports: Introducing CBS Sports HQ, a New 24/7 Direct-to-Consumer Streaming Network for Sports News, Highlights, &amp; Analysis.

Stream‚Ä¶",0.0,0.0,1.0,0.0
131,@CBS,Mon Feb 26 01:12:32 +0000 2018,"RT @CBSBigBrother: It‚Äôs down to the final 5 celebrity Houseguests, and anyone could take home the grand prize! Tune in NOW to watch the #BB‚Ä¶",0.7644,0.231,0.769,0.0
132,@CBS,Sun Feb 25 21:51:32 +0000 2018,RT @startrekcbs: Binge the entire first season of #StarTrekDiscovery. All episodes now streaming exclusively on CBS All Access: https://t.c‚Ä¶,0.0,0.0,1.0,0.0
133,@CBS,Sun Feb 25 21:51:22 +0000 2018,"RT @thegoodfight: #TheGoodFight returns in 1 week. Season 2 premieres Sunday, March 4. https://t.co/nomCao1GWp https://t.co/BOn6bOe9Tb",0.0,0.0,1.0,0.0
134,@CBS,Fri Feb 23 18:15:40 +0000 2018,RT @thegoodfight: This is our new favorite thing. Christine Baranski debuted #TheGoodFight the Musical on @colbertlateshow last night! üéµüé§‚Ä¶,0.5093,0.155,0.845,0.0
135,@CBS,Thu Feb 22 19:26:52 +0000 2018,"RT @LivinBiblically: Confession time: have YOU ever hit the ""close door"" button in an elevator while somebody was approaching? The cast of‚Ä¶",0.0,0.0,1.0,0.0
136,@CBS,Wed Feb 21 19:20:04 +0000 2018,RT @CBSEyeSpeak: Mark your calendars! #CBSEyeSpeak kicks off March 14 with The EYE Speak Summit. Follow our page for more details! https://‚Ä¶,0.0,0.0,1.0,0.0
137,@CBS,Wed Feb 21 18:19:25 +0000 2018,"RT @CBSEyeSpeak: Proud to announce a new CBS initiative, promoting female empowerment and developing the next generation of leaders through‚Ä¶",0.6808,0.248,0.752,0.0
138,@CBS,Tue Feb 20 19:55:19 +0000 2018,"RT @LivinBiblically: When you're living by the Bible, it's good to have a priest and a rabbi on call (provided they answer their phones, th‚Ä¶",0.4404,0.116,0.884,0.0
139,@CBS,Tue Feb 20 17:58:18 +0000 2018,"RT @thegoodfight: Chicago lawyers are being hunted and the world is going insane. 

The new season of #TheGoodFight premieres Sunday, March‚Ä¶",-0.4019,0.0,0.881,0.119
140,@CBS,Tue Feb 20 17:39:51 +0000 2018,Ready for some larger than life competition? This new series from @MarkBurnettTV will premiere in summer 2018.‚Ä¶ https://t.co/gDXHLdIJ5v,0.3612,0.128,0.872,0.0
141,@CBS,Sat Feb 17 01:07:20 +0000 2018,"With tournament dreams on the line, make sure to stream these college basketball matchups on CBS All Access:‚Ä¶ https://t.co/SGkYUZrQWB",0.6124,0.227,0.773,0.0
142,@CBS,Fri Feb 16 18:42:43 +0000 2018,"RT @LivinBiblically: While Chip's sticking to the Bible's original rules, the cast of #LivingBiblically has given them a more modern makeov‚Ä¶",0.3182,0.108,0.892,0.0
143,@CBS,Fri Feb 16 17:48:20 +0000 2018,"Casting News! Peter Mark Kendall, Michael Gaston, Greg Wise, Rade ≈†erbed≈æija, Zack Pearlman, and Keye Chen join the‚Ä¶ https://t.co/GFob2KrD8H",0.68,0.248,0.752,0.0
144,@CBS,Wed Feb 14 19:23:27 +0000 2018,RT @BullCBS: The verdict is in...#Bull is the perfect Valentine! ‚ù§Ô∏è Happy #ValentinesDay! https://t.co/poEejI4AnC,0.8619,0.466,0.534,0.0
145,@CBS,Tue Feb 13 20:03:56 +0000 2018,"RT @NoActivityCBS: Car 27 reporting: Season 2 of #NoActivity coming soon!

Binge season one now on CBS All Access: https://t.co/yvxoQMeyhN‚Ä¶",0.0,0.0,1.0,0.0
146,@CBS,Tue Feb 13 18:54:52 +0000 2018,"RT @LivinBiblically: Against all odds (and the advice of his God Squad), Chip is determined to live life by the Good Book. Think you could‚Ä¶",0.7506,0.252,0.748,0.0
147,@CBS,Mon Feb 12 18:49:45 +0000 2018,RT @thegoodfight: Christine Baranski reflects upon the spectacular metamorphosis of her character in #TheGoodFight's first season. Revisit‚Ä¶,0.0,0.0,1.0,0.0
148,@CBS,Mon Feb 12 01:32:33 +0000 2018,RT @startrekcbs: Binge the entire first season of #StarTrekDiscovery. All 15 episodes now streaming on CBS All Access: https://t.co/lKLaptP‚Ä¶,0.0,0.0,1.0,0.0
149,@CBS,Fri Feb 09 00:50:01 +0000 2018,RT @SuperiorDonuts: Looking for a #Valentine? Tush is here to help you land your dream date just in time for the day of love! #SuperiorDonu‚Ä¶,0.8478,0.304,0.696,0.0
150,@CBS,Thu Feb 08 16:09:35 +0000 2018,RT @CBSBigBrother: The pressure is on as the Houseguests battle each other for victory in the first HOH competition. Stream the season prem‚Ä¶,-0.5859,0.0,0.814,0.186
151,@CBS,Wed Feb 07 18:35:19 +0000 2018,"RT @startrekcbs: Sunday, this season's epic journey reaches its final reckoning. Catch up before the season finale: https://t.co/4Ea5wpmAep‚Ä¶",0.0516,0.066,0.934,0.0
152,@CBS,Wed Feb 07 16:17:48 +0000 2018,"Are you a sucker for jaw-dropping talent competitions? Announcing The World's Best, a first-of-its-kind new global‚Ä¶ https://t.co/fagCMklm2Z",0.5574,0.312,0.536,0.152
153,@CBS,Tue Feb 06 22:21:39 +0000 2018,"RT @BullCBS: Tonight, one of these 3 TAC employees will end up incarcerated. Who do you think it will be? Tune into a new episode of #Bull‚Ä¶",0.0,0.0,1.0,0.0
154,@CBS,Tue Feb 06 17:05:49 +0000 2018,"RT @thegoodfight: There's no season like lawyer season. #TheGoodFight returns March 4, exclusively on CBS All Access. https://t.co/XAlrg1nB‚Ä¶",0.0772,0.121,0.773,0.106
155,@CBS,Sun Feb 04 15:35:36 +0000 2018,"RT @thegoodfight: The acclaimed series returns in 1 month. #TheGoodFight is back Sunday, March 4. https://t.co/5BNLTYRd8p https://t.co/yInP‚Ä¶",0.0,0.0,1.0,0.0
156,@CBS,Sun Feb 04 12:00:01 +0000 2018,".@KeshaRose's emotional performance with @CyndiLauper, @AndraDayMusic, @BebeRexha and @Camila_Cabello brought the a‚Ä¶ https://t.co/qpgS2e9ir0",0.1531,0.118,0.882,0.0
157,@CBS,Sat Feb 03 23:11:43 +0000 2018,Broadway legend Patti LuPone paid tribute to Sir Andrew Lloyd Webber with a show-stopping rendition of the iconic s‚Ä¶ https://t.co/GxqLtUzhFP,0.0,0.0,1.0,0.0
158,@CBS,Sat Feb 03 12:00:07 +0000 2018,"Relive an entire night's worth of big wins, live performances and many more inspiring moments from The 60th Annual‚Ä¶ https://t.co/CH7mJ4Y3QT",0.8268,0.338,0.662,0.0
159,@CBS,Fri Feb 02 22:36:13 +0000 2018,RT @swatcbs: ‚ú®@TheTalkCBS' @TheRealEve and @ShemarMoore brought some serious heat to the GRAMMYs red carpet: https://t.co/WYTITKkLQd https:‚Ä¶,-0.0772,0.0,0.925,0.075
160,@CBS,Fri Feb 02 20:07:40 +0000 2018,"The all-star collaboration between @Rihanna, @DJKhaled and @brysontiller brought the party to the #GRAMMYs with a s‚Ä¶ https://t.co/jTv5QbtgUp",0.4019,0.144,0.856,0.0
161,@CBS,Fri Feb 02 19:03:33 +0000 2018,RT @TheTalkCBS: All the #redcarpet looks from the 60th annual #GRAMMYs! Did you catch @TheRealEve's sparkly two-piece suit? Diamond accents‚Ä¶,0.4003,0.124,0.876,0.0
162,@CBS,Fri Feb 02 17:23:18 +0000 2018,Go backstage with the celebs and see which stars celebrated the big night together! Here are the moments you missed‚Ä¶ https://t.co/rgQTXRQyLg,0.6114,0.166,0.834,0.0
163,@CBS,Thu Feb 01 22:04:41 +0000 2018,üé∂ @DearEvanHansen star Ben Platt gave a soaring performance of a classic Broadway hit. Watch him perform 'Somewhere‚Ä¶ https://t.co/HcuizFWo02,0.0,0.0,1.0,0.0
164,@CBS,Thu Feb 01 20:09:49 +0000 2018,"üé∏ @LittleBigTown, @U2, @BrunoMars and @Pink are just a few of the superstar performers that lit up the stage at The‚Ä¶ https://t.co/2v0MNYMItG",0.0,0.0,1.0,0.0
165,@CBS,Wed Jan 31 21:42:15 +0000 2018,"Don't miss country stars Emmylou Harris and @ChrisStapleton perform a moving rendition of @TomPetty's classic song,‚Ä¶ https://t.co/GxoIW97XIu",0.1139,0.088,0.912,0.0
166,@CBS,Wed Jan 31 17:05:47 +0000 2018,RT @survivorcbs: Get excited! üôå It‚Äôs finally time to meet the castaways of #Survivor: Ghost Island ‚ò† https://t.co/xQQ8ROhKbM https://t.co/P‚Ä¶,0.1007,0.135,0.75,0.115
167,@CBS,Wed Jan 31 16:37:17 +0000 2018,"Country stars @EricChurch, @BrothersOsborne and @MarenMorris performed a touching tribute dedicated to the victims‚Ä¶ https://t.co/YCIq9i70fd",0.4588,0.188,0.812,0.0
168,@CBS,Wed Jan 31 06:55:30 +0000 2018,Missed the Man vs. Beast #SuperBowlCommercials showdown? Catch up now to find out which entertaining ad was named t‚Ä¶ https://t.co/SlyO0n7yMX,0.1779,0.126,0.779,0.095
169,@CBS,Wed Jan 31 02:15:16 +0000 2018,"RT @rikimae: Ok, that one makes me cry #superbowlcommercials",-0.2263,0.179,0.569,0.252
170,@CBS,Wed Jan 31 01:58:40 +0000 2018,"If this doesn‚Äôt make you cry, nothing will. #SuperBowlCommercials https://t.co/UjFf3xr4so",-0.4767,0.0,0.744,0.256
171,@CBS,Wed Jan 31 01:52:46 +0000 2018,"RT @maverickkr: #superbowlcommercials the frogs were great, I'd forgotten about that one.",0.4939,0.256,0.625,0.119
172,@CBS,Wed Jan 31 01:49:43 +0000 2018,"If you haven't voted yet, it's not too late! Choose your favorite here: https://t.co/s4pEIF5IX8‚Ä¶ https://t.co/VCa1YHDyYy",0.5093,0.19,0.81,0.0
173,@CBS,Wed Jan 31 01:31:27 +0000 2018,RT @5691e44f3b66446: I am having so much fun ...the commercials are awesome #superbowlcommercials,0.8261,0.434,0.566,0.0
174,@CBS,Wed Jan 31 01:29:10 +0000 2018,RT @LittleShelbyMae: Love watching the #superbowlcommercials all the animal ones are my favorite!!,0.8309,0.414,0.586,0.0
175,@CBS,Wed Jan 31 01:24:16 +0000 2018,RT @PatHale915: Doritos time machine was great!   #superbowlcommercials,0.6588,0.386,0.614,0.0
176,@CBS,Wed Jan 31 01:18:37 +0000 2018,Never make a goat angry. #SuperBowlCommercials https://t.co/xRJssdAErk,-0.5106,0.0,0.602,0.398
177,@CBS,Wed Jan 31 01:17:37 +0000 2018,RT @MsLindsieStarr: That dang goat! #Doritos #superbowlcommercials,0.0,0.0,1.0,0.0
178,@CBS,Wed Jan 31 01:16:15 +0000 2018,Do you remember this Super Bowl commercial featuring @KevinHart4real playing an overprotective father?‚Ä¶ https://t.co/ejLnTEG5ug,0.7525,0.349,0.651,0.0
179,@CBS,Wed Jan 31 01:08:01 +0000 2018,RT @dRoy: Homework will take a break for now. #superbowlcommercials on cbs is on üëå,0.0,0.0,1.0,0.0
180,@CBS,Wed Jan 31 01:04:34 +0000 2018,RT @Mixxxalv: Watching #superbowlcommercials let the best win!,0.8516,0.58,0.42,0.0
181,@CBS,Wed Jan 31 01:00:35 +0000 2018,Super Bowl Greatest Commercials 2018 hosts @7BOOMERESIASON and @DanielaRuah are moments away from announcing the tw‚Ä¶ https://t.co/cKM1WXPc9u,0.8442,0.351,0.649,0.0
182,@CBS,Wed Jan 31 00:55:04 +0000 2018,It's Man vs. Beast as these classic Super Bowl spots face off tonight on Super Bowl Greatest Commercials 2018! Tune‚Ä¶ https://t.co/GcoSAcfeUd,0.923,0.406,0.594,0.0
183,@CBS,Wed Jan 31 00:37:20 +0000 2018,"Tonight, get a first look at #ChrisElliott starring in the new @AvosfromMexico Super Bowl Commercial on‚Ä¶ https://t.co/WMEjsZfgdg",0.5994,0.206,0.794,0.0
184,@CBS,Wed Jan 31 00:11:53 +0000 2018,"Join @NCISLA's @DanielaRuah and @7BOOMERESIASON on Super Bowl Greatest Commercials 2018, tonight at 8/7c on CBS and‚Ä¶ https://t.co/nzVu1FCRc5",0.8834,0.407,0.593,0.0
185,@CBS,Tue Jan 30 23:35:01 +0000 2018,Everyone knows the best part of the Super Bowl is the commercials! Find out how to tune in and vote for your favori‚Ä¶ https://t.co/KGDYl9oF98,0.8553,0.276,0.724,0.0
186,@CBS,Tue Jan 30 21:19:22 +0000 2018,Throw it back to this classic Michael Jordan vs. Larry Bird spot tonight on Super Bowl Greatest Commercials 2018! W‚Ä¶ https://t.co/g2H4zV7wIN,0.8553,0.306,0.694,0.0
187,@CBS,Tue Jan 30 18:46:04 +0000 2018,"Super Bowl Greatest Commercials 2018 airs tonight! Cast your vote now, then tune in and vote for the winner live at‚Ä¶ https://t.co/h4jGpUheP5",0.9215,0.391,0.609,0.0
188,@CBS,Tue Jan 30 16:00:02 +0000 2018,Remember when @robinthicke and Lil Wayne (@liltunechi) joined jazz legends on stage at the 51st #GRAMMYs? Watch thi‚Ä¶ https://t.co/2l8gBdOrli,0.0,0.0,1.0,0.0
189,@CBS,Tue Jan 30 04:03:31 +0000 2018,"Tomorrow, catch a sneak peek of the incredible @TiffanyHaddish in her first Super Bowl Commercial for @Groupon on‚Ä¶ https://t.co/RlehujNvFN",0.5994,0.187,0.813,0.0
190,@CBS,Tue Jan 30 03:17:51 +0000 2018,Rapper @Logic301 delivered a poignant message of hope to conclude his powerful performance with @alessiacara and‚Ä¶ https://t.co/elSqZExRtN,0.6908,0.289,0.711,0.0
191,@CBS,Tue Jan 30 02:12:15 +0000 2018,Even our host @JKCorden was starstruck when Broadway icon Patti LuPone performed at The #GRAMMYs! https://t.co/YJhNBllFh6,0.0,0.0,1.0,0.0
192,@CBS,Tue Jan 30 01:29:06 +0000 2018,Childish Gambino serenaded the crowd with his smooth vocals in this mesmerizing performance. Watch him perform 'Ter‚Ä¶ https://t.co/TkWZP7PS22,-0.296,0.0,0.885,0.115
193,@CBS,Tue Jan 30 00:11:05 +0000 2018,.@OfficialSting and @shaggy757 joined together to bring their upbeat reggae vibes to Madison Square Garden. Watch t‚Ä¶ https://t.co/iqq0DbM1IR,0.0,0.0,1.0,0.0
194,@CBS,Mon Jan 29 22:45:21 +0000 2018,Superstar @Pink left it all on the stage last night in a simply stunning performance that brought the crowd to thei‚Ä¶ https://t.co/B9Tj5INcNu,0.3818,0.115,0.885,0.0
195,@CBS,Mon Jan 29 22:10:15 +0000 2018,Check out these photos of the night's best backstage moments you didn't see on TV! Here's what you missed at The 60‚Ä¶ https://t.co/6TBI8NV8JJ,0.5093,0.162,0.758,0.079
196,@CBS,Mon Jan 29 20:00:04 +0000 2018,The dapper duo of @itstonybennett and @johnlegend brought down the #GRAMMYs house with an impromptu duet.‚Ä¶ https://t.co/ucRrAFk59f,0.0,0.0,1.0,0.0
197,@CBS,Mon Jan 29 19:00:05 +0000 2018,üé∂@BrunoMars worked his 24K Magic to become the night's biggest winner. See his #GRAMMYs acceptance speech for Album‚Ä¶ https://t.co/dXzjWH0myx,0.7783,0.286,0.714,0.0
198,@CBS,Mon Jan 29 18:00:02 +0000 2018,When your win at The #GRAMMYs feels like 24K Magic! Congratulations to @BrunoMars for taking home six awards this y‚Ä¶ https://t.co/UhWCE8OKfK,0.9259,0.442,0.558,0.0
199,@CBS,Mon Jan 29 17:15:04 +0000 2018,‚ú®@LadyGaga's stripped-down performance soared on the #GRAMMYs stage. See all the night's performances here:‚Ä¶ https://t.co/Dw6xSzeeGC,0.0,0.0,1.0,0.0
200,@CNN,Thu Mar 08 20:38:12 +0000 2018,President Trump is about to impose new tariffs on steel and aluminum imports. Follow live updates:‚Ä¶ https://t.co/o4VDiUWujN,-0.296,0.0,0.879,0.121
201,@CNN,Thu Mar 08 20:25:13 +0000 2018,The Cranberries will be releasing a final album made with Dolores O'Riordan https://t.co/z8rKgNyCmy https://t.co/tPkkmZplLe,0.0,0.0,1.0,0.0
202,@CNN,Thu Mar 08 20:20:38 +0000 2018,"Russians released an anti-Clinton video game called ""Hilltendo"" weeks before the 2016 US presidential election. It‚Ä¶ https://t.co/tTFHTqxF42",0.0,0.0,1.0,0.0
203,@CNN,Thu Mar 08 20:03:33 +0000 2018,Former Trump campaign chairman Paul Manafort has entered a plea of not guilty to charges of bank fraud and tax crim‚Ä¶ https://t.co/myDFUQIvIw,-0.1665,0.16,0.694,0.146
204,@CNN,Thu Mar 08 20:01:36 +0000 2018,Bernie Sanders is spending a lot of time in Trump country. Here's why. | Analysis by CNN's Gregory Krieg and Sam Pe‚Ä¶ https://t.co/GFkPrBfWvm,0.0,0.0,1.0,0.0
205,@CNN,Thu Mar 08 19:53:17 +0000 2018,"A salmonella outbreak linked to chicken salad has sickened another 105 people, bringing the total to 170 in seven s‚Ä¶ https://t.co/SWH9Q0tsYr",-0.5423,0.0,0.844,0.156
206,@CNN,Thu Mar 08 19:42:07 +0000 2018,"In a trade war over steel, US farmers could be collateral damage https://t.co/tChleqd7qi https://t.co/EotEUo9LN1",-0.7964,0.0,0.608,0.392
207,@CNN,Thu Mar 08 19:37:55 +0000 2018,"Russian internet trolls created an anti-Hillary Clinton video game called ""Hilltendo"" and tried to make it go viral‚Ä¶ https://t.co/De3h9kjvKx",0.25,0.1,0.9,0.0
208,@CNN,Thu Mar 08 19:31:33 +0000 2018,Bones found on a remote Pacific island almost eight decades ago likely are those of pioneering pilot Amelia Earhart‚Ä¶ https://t.co/Ae3YEwSVSJ,0.0,0.0,1.0,0.0
209,@CNN,Thu Mar 08 19:28:27 +0000 2018,"Volkswagen says it will stop using coal to power its main factory in Wolfsburg, Germany https://t.co/yxE1eIG6oG https://t.co/w2sugdXQz8",-0.296,0.0,0.879,0.121
210,@CNN,Thu Mar 08 19:20:03 +0000 2018,"In his fight with North Korea, Trump may end up with no allies | @NicRobertsonCNN for @CNNopinion‚Ä¶ https://t.co/MF5muUcnk0",-0.5859,0.0,0.758,0.242
211,@CNN,Thu Mar 08 19:10:07 +0000 2018,Trump wants you to think about video games instead of guns | Analysis by @zbyronwolf¬†@zbyronwolf¬†‚Ä¶ https://t.co/5uutuvLV6i,0.0,0.0,1.0,0.0
212,@CNN,Thu Mar 08 19:00:13 +0000 2018,9 things you need to believe if you believe the White House on Stormy Daniels | Analysis by @CillizzaCNN‚Ä¶ https://t.co/zwvP0mf89V,0.0,0.0,1.0,0.0
213,@CNN,Thu Mar 08 18:50:00 +0000 2018,"Sen. Tammy Duckworth will be the first US senator to give birth while in office, and she's fighting to change longs‚Ä¶ https://t.co/Uljo219oJ6",-0.3612,0.0,0.894,0.106
214,@CNN,Thu Mar 08 18:43:15 +0000 2018,@theashleygraham @Caitlyn_Jenner @CarmenYulinCruz @DVF @muzoonrakan1 @UNICEF @bobblanddesign @karunanundy‚Ä¶ https://t.co/pSG5QNVNG6,0.0,0.0,1.0,0.0
215,@CNN,Thu Mar 08 18:39:49 +0000 2018,"Russian internet trolls created an anti-Hillary Clinton video game called ""Hilltendo"" and tried to make it go viral‚Ä¶ https://t.co/afpc123s31",0.25,0.1,0.9,0.0
216,@CNN,Thu Mar 08 18:32:00 +0000 2018,McDonald's is celebrating #InternationalWomensDay by flipping its famous golden arches https://t.co/biYp1ZduyT https://t.co/H8MMkU7HOL,0.5719,0.252,0.748,0.0
217,@CNN,Thu Mar 08 18:23:00 +0000 2018,"When Laxmi was 15, a man she refused to marry threw acid in her face. But she recovered from her injuries and chang‚Ä¶ https://t.co/ExD5GdcO80",-0.296,0.0,0.909,0.091
218,@CNN,Thu Mar 08 18:10:10 +0000 2018,A Missouri police officer killed this week in the line of duty met with gunfire only after he was dispatched to the‚Ä¶ https://t.co/HYWoNIjHrz,-0.6705,0.0,0.824,0.176
219,@CNN,Thu Mar 08 17:47:25 +0000 2018,@theashleygraham @Caitlyn_Jenner @CarmenYulinCruz @DVF @muzoonrakan1 @UNICEF @bobblanddesign @karunanundy‚Ä¶ https://t.co/37dwU8ZnGP,0.0,0.0,1.0,0.0
220,@CNN,Thu Mar 08 17:46:41 +0000 2018,@theashleygraham @Caitlyn_Jenner @CarmenYulinCruz @DVF @muzoonrakan1 @UNICEF @bobblanddesign @karunanundy‚Ä¶ https://t.co/vFaGKx23rg,0.0,0.0,1.0,0.0
221,@CNN,Thu Mar 08 17:45:33 +0000 2018,@theashleygraham @Caitlyn_Jenner @CarmenYulinCruz @DVF @muzoonrakan1 @UNICEF @bobblanddesign @karunanundy‚Ä¶ https://t.co/bo53G6XGgJ,0.0,0.0,1.0,0.0
222,@CNN,Thu Mar 08 17:44:43 +0000 2018,@theashleygraham @Caitlyn_Jenner @CarmenYulinCruz @DVF @muzoonrakan1 @UNICEF @bobblanddesign @karunanundy‚Ä¶ https://t.co/hlNoEhDOxl,0.0,0.0,1.0,0.0
223,@CNN,Thu Mar 08 17:43:58 +0000 2018,@theashleygraham @Caitlyn_Jenner @CarmenYulinCruz @DVF @muzoonrakan1 @UNICEF @bobblanddesign @karunanundy‚Ä¶ https://t.co/p3Ez30VMb7,0.0,0.0,1.0,0.0
224,@CNN,Thu Mar 08 17:43:11 +0000 2018,@theashleygraham @Caitlyn_Jenner @CarmenYulinCruz @DVF @muzoonrakan1 @UNICEF @bobblanddesign @karunanundy‚Ä¶ https://t.co/4smfFqlPeG,0.0,0.0,1.0,0.0
225,@CNN,Thu Mar 08 17:42:02 +0000 2018,@theashleygraham @Caitlyn_Jenner @CarmenYulinCruz @DVF @muzoonrakan1 @UNICEF @bobblanddesign @karunanundy‚Ä¶ https://t.co/sYFiiE2pot,0.0,0.0,1.0,0.0
226,@CNN,Thu Mar 08 17:40:53 +0000 2018,@theashleygraham @Caitlyn_Jenner @CarmenYulinCruz @DVF @muzoonrakan1 @UNICEF @bobblanddesign @karunanundy‚Ä¶ https://t.co/ngx7uBQlVT,0.0,0.0,1.0,0.0
227,@CNN,Thu Mar 08 17:39:13 +0000 2018,@theashleygraham @Caitlyn_Jenner @CarmenYulinCruz @DVF @muzoonrakan1 @UNICEF @bobblanddesign @karunanundy‚Ä¶ https://t.co/bFHQopTOk0,0.0,0.0,1.0,0.0
228,@CNN,Thu Mar 08 17:38:04 +0000 2018,@theashleygraham @Caitlyn_Jenner @CarmenYulinCruz @DVF @muzoonrakan1 @UNICEF @bobblanddesign @karunanundy‚Ä¶ https://t.co/yvva0lx8mC,0.0,0.0,1.0,0.0
229,@CNN,Thu Mar 08 17:36:23 +0000 2018,@theashleygraham @Caitlyn_Jenner @CarmenYulinCruz @DVF @muzoonrakan1 @UNICEF @bobblanddesign @karunanundy‚Ä¶ https://t.co/HNJtpRQzTC,0.0,0.0,1.0,0.0
230,@CNN,Thu Mar 08 17:35:29 +0000 2018,@theashleygraham @Caitlyn_Jenner @CarmenYulinCruz @DVF @muzoonrakan1 @UNICEF @bobblanddesign @karunanundy‚Ä¶ https://t.co/YbtMLrEunr,0.0,0.0,1.0,0.0
231,@CNN,Thu Mar 08 17:34:23 +0000 2018,@theashleygraham @Caitlyn_Jenner @CarmenYulinCruz @DVF @muzoonrakan1 @UNICEF @bobblanddesign @karunanundy ‚ÄúWe have‚Ä¶ https://t.co/VQIOWE6xvQ,0.0,0.0,1.0,0.0
232,@CNN,Thu Mar 08 17:33:30 +0000 2018,@theashleygraham @Caitlyn_Jenner @CarmenYulinCruz @DVF @muzoonrakan1 @UNICEF @bobblanddesign ‚ÄúI would make sure tha‚Ä¶ https://t.co/g0lYhMLHaf,0.3182,0.161,0.839,0.0
233,@CNN,Thu Mar 08 17:32:06 +0000 2018,"@theashleygraham @Caitlyn_Jenner @CarmenYulinCruz @DVF @muzoonrakan1 @UNICEF ‚ÄúListen to women,‚Äù says‚Ä¶ https://t.co/4rT0n5bAXU",0.0,0.0,1.0,0.0
234,@CNN,Thu Mar 08 17:28:28 +0000 2018,"@theashleygraham @Caitlyn_Jenner @CarmenYulinCruz @DVF To achieve gender equality, ""I want to convince everyone to‚Ä¶ https://t.co/ZvQCrwCizl",0.3182,0.202,0.798,0.0
235,@CNN,Thu Mar 08 17:26:08 +0000 2018,"@theashleygraham @Caitlyn_Jenner @CarmenYulinCruz When you do a job application, you should not have to say your se‚Ä¶ https://t.co/OYJEl6gGdt",0.0,0.0,1.0,0.0
236,@CNN,Thu Mar 08 17:24:39 +0000 2018,"@theashleygraham @Caitlyn_Jenner ""The one thing I would do to improve gender equality is to ensure that all of our‚Ä¶ https://t.co/H3dJOKwSNc",0.6705,0.244,0.756,0.0
237,@CNN,Thu Mar 08 17:23:50 +0000 2018,@theashleygraham ‚ÄúWomen are brought up to kind of be a second-class citizen‚Äù says @Caitlyn_Jenner #IWD2018‚Ä¶ https://t.co/VlyKYFDRZ7,0.0,0.0,1.0,0.0
238,@CNN,Thu Mar 08 17:21:46 +0000 2018,".@theashleygraham: ‚ÄúWe need to ensure that women see themselves portrayed in media, fashion, beauty and beyond.‚Äù‚Ä¶ https://t.co/NqM1Yvifbz",0.7506,0.299,0.701,0.0
239,@CNN,Thu Mar 08 17:17:13 +0000 2018,"To celebrate #IWD2018, @CNN asked women around the world, ""What single thing would you change to improve gender equ‚Ä¶ https://t.co/aPUTYl3OAf",0.765,0.268,0.732,0.0
240,@CNN,Thu Mar 08 17:05:47 +0000 2018,"Trump on outgoing chief economic adviser Gary Cohn: ‚ÄúHe‚Äôs been terrific. He may be a globalist, but I still like hi‚Ä¶ https://t.co/jTAhyf8gU3",0.7096,0.289,0.711,0.0
241,@CNN,Thu Mar 08 16:50:01 +0000 2018,"With America facing a massive nursing shortage, some hospitals are offering five-figure signing bonuses, free housi‚Ä¶ https://t.co/qx9N6r3ugj",0.7096,0.315,0.594,0.091
242,@CNN,Thu Mar 08 16:35:00 +0000 2018,The US ambassador to Mexico was not invited to a meeting between senior White House adviser Jared Kushner and Mexic‚Ä¶ https://t.co/r063UG1OyV,0.0,0.0,1.0,0.0
243,@CNN,Thu Mar 08 16:20:08 +0000 2018,One person has been taken into police custody in connection with a shooting that killed one student and injured ano‚Ä¶ https://t.co/2ZMe9iO27I,-0.802,0.0,0.714,0.286
244,@CNN,Thu Mar 08 16:10:11 +0000 2018,The long history of blaming video games for mass violence https://t.co/LHKHJUgqRx https://t.co/kWT3kF1vby,-0.8074,0.0,0.578,0.422
245,@CNN,Thu Mar 08 15:59:06 +0000 2018,Meghan Markle has been baptized into the Church of England https://t.co/0HcgXUmkzm https://t.co/qoCSXwu3EZ,0.0,0.0,1.0,0.0
246,@CNN,Thu Mar 08 15:42:36 +0000 2018,Why companies are embracing #InternationalWomensDay https://t.co/WuS6CWYUM5 https://t.co/grZlom9kVF,0.0,0.0,1.0,0.0
247,@CNN,Thu Mar 08 15:29:32 +0000 2018,NASA spacecraft Juno has collected new data on its mission to Jupiter revealing some of the swirling inner mysterie‚Ä¶ https://t.co/kM6mhbbBrv,0.0,0.0,1.0,0.0
248,@CNN,Thu Mar 08 15:05:55 +0000 2018,"""Somebody needs to stand up"" to California on immigration, Attorney General Jeff Sessions says‚Ä¶ https://t.co/IN63gV1NOo",0.0,0.0,1.0,0.0
249,@CNN,Thu Mar 08 14:57:50 +0000 2018,"RT @CNNweather: As people recover from back to back nor'easters, some forecast models hint at another storm early next week. 

Keep up-to-d‚Ä¶",0.0,0.0,1.0,0.0
250,@CNN,Thu Mar 08 14:51:24 +0000 2018,Hundreds of doctors in Quebec are protesting. They say they make too much. https://t.co/w2GHFWjU4m https://t.co/bN4Ea3Pvds,-0.4215,0.0,0.833,0.167
251,@CNN,Thu Mar 08 14:40:11 +0000 2018,"""This is so manipulative."" That's how an anchor at a local TV station owned by Sinclair described the company's lat‚Ä¶ https://t.co/d888lpEz8q",0.0,0.0,1.0,0.0
252,@CNN,Thu Mar 08 14:24:59 +0000 2018,McDonald's is celebrating #InternationalWomensDay by flipping its golden arches https://t.co/biYp1ZduyT https://t.co/oUoEjcizNf,0.5719,0.27,0.73,0.0
253,@CNN,Thu Mar 08 14:09:43 +0000 2018,The Florida gun bill spurred by the Parkland school massacre is just one signature away from becoming law. Here's w‚Ä¶ https://t.co/A99vriRtoM,-0.34,0.0,0.893,0.107
254,@CNN,Thu Mar 08 13:54:03 +0000 2018,President Trump is upset with White House press secretary Sarah Sanders over her responses Wednesday regarding his‚Ä¶ https://t.co/SPSg0Bhy30,-0.3818,0.0,0.867,0.133
255,@CNN,Thu Mar 08 13:39:07 +0000 2018,"The cast of ""Modern Family"" voices support for ""common-sense gun laws"" putting support behind the students of Parkl‚Ä¶ https://t.co/irGz3U8pVj",0.4588,0.227,0.672,0.101
256,@CNN,Thu Mar 08 13:15:09 +0000 2018,A White House taken by storm(y) | Analysis by @StCollinson https://t.co/LwbPnJtJuX https://t.co/JmvyB9DlGq,0.0,0.0,1.0,0.0
257,@CNN,Thu Mar 08 13:07:38 +0000 2018,"Fred Guttenberg, whose daughter died in the Florida school shooting, rips new NRA ad: ""If this was put out by a ter‚Ä¶ https://t.co/mYfIHC8pOw",-0.5574,0.0,0.854,0.146
258,@CNN,Thu Mar 08 12:50:05 +0000 2018,"The controversial statue that critics have deemed as ""San Francisco's monument to white supremacy"" is coming off it‚Ä¶ https://t.co/yKIpBEV3ja",-0.4215,0.057,0.755,0.189
259,@CNN,Thu Mar 08 12:40:11 +0000 2018,'I never told anyone': 5 women's stories of sexual abuse at the Hajj #AsEquals https://t.co/29od5ZBFRv https://t.co/KvJSZCbKyg,-0.6369,0.0,0.769,0.231
260,@CNN,Thu Mar 08 12:32:00 +0000 2018,"Tybre Faw traveled 7 hours to see his hero, Dem. Rep. John Lewis, who was in Selma, Alabama, to commemorate the 196‚Ä¶ https://t.co/IItXisEVsJ",0.5574,0.146,0.854,0.0
261,@CNN,Thu Mar 08 12:30:07 +0000 2018,Some Democratic lawmakers fear arming school staff could harm black and Hispanic students https://t.co/5lbWNzwxQU https://t.co/Tr0YskSZBC,-0.7717,0.0,0.66,0.34
262,@CNN,Thu Mar 08 12:21:26 +0000 2018,NASA spacecraft Juno has collected new data on its mission to Jupiter revealing some of the swirling inner mysterie‚Ä¶ https://t.co/EIUrtm3rwp,0.0,0.0,1.0,0.0
263,@CNN,Thu Mar 08 12:10:11 +0000 2018,"""This is so manipulative."" That's how an anchor at a local TV station owned by Sinclair described the company's lat‚Ä¶ https://t.co/QaYLYApLVi",0.0,0.0,1.0,0.0
264,@CNN,Thu Mar 08 12:00:21 +0000 2018,"5 things for Thursday:

- The White House
- Russia investigation
- Florida school shooting
- UK and Russia
- Aung S‚Ä¶ https://t.co/fe9IBVt8YY",0.0,0.0,1.0,0.0
265,@CNN,Thu Mar 08 11:55:05 +0000 2018,Former Trump campaign manager Corey Lewandowski is scheduled to be interviewed by the House Intelligence Committee‚Ä¶ https://t.co/Ig19ZKtopE,0.4767,0.162,0.838,0.0
266,@CNN,Thu Mar 08 11:48:03 +0000 2018,Why are (some) Democrats signing on to the Republican bank bill? | Analysis by @GregJKrieg https://t.co/bc6G38s4id https://t.co/GXV9znEwuY,0.0,0.0,1.0,0.0
267,@CNN,Thu Mar 08 11:43:38 +0000 2018,What will it take for women to live #AsEquals with men? No country has achieved total gender parity yet - #AsEquals‚Ä¶ https://t.co/TCGXrQgcR9,-0.296,0.0,0.901,0.099
268,@CNN,Thu Mar 08 11:40:10 +0000 2018,"President Trump says his promised tariffs on steel and aluminum imports -- 25% on steel, 10% on aluminum -- would b‚Ä¶ https://t.co/dwOqrHSA9t",0.3612,0.106,0.894,0.0
269,@CNN,Thu Mar 08 11:35:01 +0000 2018,"President Trump asked his former chief of staff Reince Priebus if special counsel investigators had been ""nice"" dur‚Ä¶ https://t.co/YSupdUTrNx",0.4019,0.13,0.87,0.0
270,@CNN,Thu Mar 08 11:14:34 +0000 2018,We spoke to nine women who said they found their illegal abortions via Facebook. None believed the procedure was sa‚Ä¶ https://t.co/2Yv14LJ7K3,-0.5574,0.0,0.847,0.153
271,@CNN,Thu Mar 08 10:49:52 +0000 2018,Meghan Markle has been baptized into the Church of England https://t.co/MIzXBXNMmA https://t.co/8C42ORsRVq,0.0,0.0,1.0,0.0
272,@CNN,Thu Mar 08 10:43:59 +0000 2018,"When Brisa de Angulo reported being raped by a family member at the age of 15, she faced intimidation and blame fro‚Ä¶ https://t.co/mM8iGnHwVy",-0.8689,0.0,0.66,0.34
273,@CNN,Thu Mar 08 10:33:11 +0000 2018,"In Malawi, girls as young as 10 are expected to go to ""chinamwali"" -- a camp where they are taught how to sexually‚Ä¶ https://t.co/Ofvb97oTQe",0.0,0.0,1.0,0.0
274,@CNN,Thu Mar 08 10:29:00 +0000 2018,The Taliban banned these women from being journalists. Now they run an all-female TV station:‚Ä¶ https://t.co/AAyw5jbWf9,-0.4588,0.0,0.833,0.167
275,@CNN,Thu Mar 08 10:15:44 +0000 2018,She was told not to play the drums because she's a woman - now @kasingoma is in demand as a percussionist around th‚Ä¶ https://t.co/tKCXoEBUZm,-0.3687,0.0,0.843,0.157
276,@CNN,Thu Mar 08 10:01:35 +0000 2018,"On #InternationalWomensDay, CNN wants to know what living #AsEquals means to you. Tell us by filling out this form:‚Ä¶ https://t.co/EbGAjhIJUB",0.0,0.0,1.0,0.0
277,@CNN,Thu Mar 08 09:01:07 +0000 2018,Uber says it has started using self-driving trucks to haul freight in Arizona https://t.co/0POYBWXS5u https://t.co/2WyCPG2EDW,0.0,0.0,1.0,0.0
278,@CNN,Thu Mar 08 08:44:04 +0000 2018,"The history of the ""ideal"" of female beauty and where that has left us https://t.co/PDiMEDwoq0‚Ä¶ https://t.co/UV7J4GlAEd",0.5859,0.202,0.798,0.0
279,@CNN,Thu Mar 08 08:33:13 +0000 2018,The risk lurking in the US mortgage market https://t.co/PS9Qy9axGs https://t.co/u37unc7jWN,-0.3818,0.0,0.69,0.31
280,@CNN,Thu Mar 08 08:31:04 +0000 2018,"These high-performance cars, which are priced in the millions, can't be legally driven on public roads‚Ä¶ https://t.co/G1b2XXtfXw",-0.0762,0.0,0.925,0.075
281,@CNN,Thu Mar 08 08:27:13 +0000 2018,"""The person who committed the crime should hide his face. Why should I?"" 

The man Laxmi Agarwal refused to marry t‚Ä¶ https://t.co/RMSzwVSjrv",-0.6486,0.076,0.655,0.269
282,@CNN,Thu Mar 08 08:20:12 +0000 2018,The Eiffel Tower lights up with the message #MaintenantOnAgit (#NowWeAct) projected on it to honor women‚Äôs rights a‚Ä¶ https://t.co/Mmqo67FFoE,0.4939,0.151,0.849,0.0
283,@CNN,Thu Mar 08 08:07:37 +0000 2018,NASA spacecraft Juno has collected new data on its mission to Jupiter revealing some of the swirling inner mysterie‚Ä¶ https://t.co/LfQAe7ZO72,0.0,0.0,1.0,0.0
284,@CNN,Thu Mar 08 07:46:09 +0000 2018,McDonald's is flipping its arches logo to celebrate #InternationalWomensDay with a W https://t.co/DNBBk4iQcs,0.5719,0.27,0.73,0.0
285,@CNN,Thu Mar 08 07:42:25 +0000 2018,"""The person who committed the crime should hide his face. Why should I?"" 

At 15, the man Laxmi Agarwal refused to‚Ä¶ https://t.co/XhlZiAMTka",-0.6486,0.076,0.655,0.269
286,@CNN,Thu Mar 08 07:31:04 +0000 2018,"After age 13, no new brain cells are created in a brain region linked to learning, according to a new study‚Ä¶ https://t.co/m3ChHUsnXH",-0.0516,0.09,0.811,0.099
287,@CNN,Thu Mar 08 07:25:30 +0000 2018,"Local law says that ""every head of household residing in the city limits is required to maintain a firearm"" in Kenn‚Ä¶ https://t.co/E0QukF9jxK",0.0,0.0,1.0,0.0
288,@CNN,Thu Mar 08 07:19:51 +0000 2018,An Australian energy company is giving hundreds of female employees a raise to make sure they get paid the same amo‚Ä¶ https://t.co/9DmyQcGXob,0.7003,0.274,0.726,0.0
289,@CNN,Thu Mar 08 07:16:18 +0000 2018,"After dedicating his season to a Parkland victim, Dwyane Wade of the Miami Heat visited Marjory Stoneman Douglas Hi‚Ä¶ https://t.co/DtE0zR1PSU",-0.2732,0.0,0.896,0.104
290,@CNN,Thu Mar 08 07:08:00 +0000 2018,"Sen. Bernie Sanders: Chaos in the White House is a sign of ""a President who is, I think, not fit temperamentally to‚Ä¶ https://t.co/uXLuZNMHDP",-0.7013,0.0,0.766,0.234
291,@CNN,Thu Mar 08 07:02:30 +0000 2018,"Father of Parkland school shooting victim rips new NRA video: ""If this was put out by a terrorist organization, we‚Ä¶ https://t.co/LQLlDNhSfc",-0.7783,0.0,0.726,0.274
292,@CNN,Thu Mar 08 06:52:43 +0000 2018,Top South Korean negotiators have left for the US to brief their American counterparts on the outcome of their hist‚Ä¶ https://t.co/KIVcCu0RW4,0.2023,0.083,0.917,0.0
293,@CNN,Thu Mar 08 06:47:24 +0000 2018,"Tybre Faw traveled 7 hours to see his hero, Dem. Rep. John Lewis, who was in Selma, Alabama, to commemorate the 196‚Ä¶ https://t.co/kMr7AuNbsm",0.5574,0.146,0.854,0.0
294,@CNN,Thu Mar 08 06:45:54 +0000 2018,The British government will be forced on Thursday to address growing suspicions that Moscow may have been behind th‚Ä¶ https://t.co/0USBMSafaw,-0.5859,0.07,0.702,0.227
295,@CNN,Thu Mar 08 06:44:38 +0000 2018,Can you recognize the Kennedys in 1938? They made a big splash in England when Joe Sr. became Ambassador from the U‚Ä¶ https://t.co/puSQPUjb4i,0.0,0.0,1.0,0.0
296,@CNN,Thu Mar 08 06:31:05 +0000 2018,"The creator of Pepe the Frog, the once-innocent cartoon that was appropriated as a mascot of the alt-right, is suin‚Ä¶ https://t.co/lE9S9Fhuce",0.0,0.0,1.0,0.0
297,@CNN,Thu Mar 08 06:31:03 +0000 2018,Lawmakers fear arming school staff could harm black and Hispanic students https://t.co/n2PxC9zbdA https://t.co/gQboUxG7rT,-0.7717,0.0,0.621,0.379
298,@CNN,Thu Mar 08 06:15:10 +0000 2018,"Find out who and what is making big waves in the worlds of tech, media and innovation. Sign up for PACIFIC, CNN‚Äôs n‚Ä¶ https://t.co/2LoPpEmlgy",0.3818,0.102,0.898,0.0
299,@CNN,Thu Mar 08 06:06:54 +0000 2018,The small village of Marumori in Japan produces what is known as heso daikon which translates as belly button radis‚Ä¶ https://t.co/zjLc9dYYJq,0.0,0.0,1.0,0.0
300,@FoxNews,Thu Mar 08 20:39:04 +0000 2018,"RT @FoxBusiness: Trump rolling out big trade tariffs, sparing Mexico, Canada https://t.co/sgslDxwmLg",0.0,0.0,1.0,0.0
301,@FoxNews,Thu Mar 08 20:37:58 +0000 2018,WATCH LIVE: @POTUS signs an order to impose tariffs on steel and aluminum imports. https://t.co/SCtUVTYNxk,-0.296,0.0,0.864,0.136
302,@FoxNews,Thu Mar 08 20:37:02 +0000 2018,RT @FoxBusiness: #BreakingNews: @POTUS to impose tariffs on steel and aluminum but is exempting Mexico and Canada for now. @BlakeBurman wit‚Ä¶,-0.1531,0.0,0.926,0.074
303,@FoxNews,Thu Mar 08 20:33:33 +0000 2018,".@DLoesch on @GovMalloyOffice likening @NRA to terrorists: ""Maybe making my kids get all their homework done makes‚Ä¶ https://t.co/K1DC5eMqBt",-0.6249,0.0,0.806,0.194
304,@FoxNews,Thu Mar 08 20:31:15 +0000 2018,Washington state school district arms teachers: 'It protects the kids' https://t.co/VmxZvLUEiT,0.3182,0.187,0.813,0.0
305,@FoxNews,Thu Mar 08 20:26:24 +0000 2018,SOON: @POTUS to sign off on steel and aluminum tariffs. @ShepNewsTeam https://t.co/AGd6Q5AOY6 https://t.co/WAE2wcQHpR,0.0,0.0,1.0,0.0
306,@FoxNews,Thu Mar 08 20:19:59 +0000 2018,"'Sopranos' prequel movie in the works from creator David Chase, report says https://t.co/xbhmriXtQZ",0.0,0.0,1.0,0.0
307,@FoxNews,Thu Mar 08 20:17:11 +0000 2018,Former Trump campaign chairman Paul Manafort pleads not guilty to charges @ShepNewsTeam https://t.co/NMt6pxu9DZ https://t.co/g7WArsJfJd,0.4847,0.257,0.743,0.0
308,@FoxNews,Thu Mar 08 20:16:45 +0000 2018,"Trump imposing tariffs on all steel, aluminum imports; exempts Mexico and Canada for now - via @brookefoxnews‚Ä¶ https://t.co/Z6p20jrdKw",-0.1027,0.0,0.92,0.08
309,@FoxNews,Thu Mar 08 20:16:17 +0000 2018,.@ICEgov Director Calls Out 'Political Game' by CA Dems: 'They Don't Want to Know the Facts' https://t.co/ZOf3stHY4H https://t.co/zvssKjsKHO,-0.0572,0.0,0.933,0.067
310,@FoxNews,Thu Mar 08 20:10:51 +0000 2018,Jon Favreau to write 'Star-Wars' live-action TV series https://t.co/1UJ8UKVSL7,0.0,0.0,1.0,0.0
311,@FoxNews,Thu Mar 08 20:09:47 +0000 2018,RT @FoxBusiness: U.S. steel imports: https://t.co/e3QBlQLoTB,0.0,0.0,1.0,0.0
312,@FoxNews,Thu Mar 08 20:07:29 +0000 2018,New Jersey driver killed after driving around barricade onto live wires https://t.co/uogp6Hkmhi,-0.6705,0.0,0.71,0.29
313,@FoxNews,Thu Mar 08 20:01:39 +0000 2018,"At a Cabinet meeting today, President @realDonaldTrump slammed Oakland Mayor @LibbySchaaf. https://t.co/zpLyEfEHFy https://t.co/Ifb7vbWX2G",0.0,0.0,1.0,0.0
314,@FoxNews,Thu Mar 08 19:58:47 +0000 2018,Virginia man to give away engagement ring to 'lucky couple' https://t.co/axK3nSYz8x,0.7003,0.392,0.608,0.0
315,@FoxNews,Thu Mar 08 19:55:21 +0000 2018,".@LeonHWolf on @POTUS' tariffs: ""Laying an across the board tariff is a bad idea...there are way, way more people w‚Ä¶ https://t.co/F2M7QyCqKs",-0.5423,0.0,0.844,0.156
316,@FoxNews,Thu Mar 08 19:49:40 +0000 2018,"Earlier today, @FLOTUS tweeted her celebration of #InternationalWomensDay. https://t.co/Y6vcQ2jGZ4 https://t.co/uDBIgK6Qz3",0.0,0.0,1.0,0.0
317,@FoxNews,Thu Mar 08 19:47:11 +0000 2018,WATCH: @realDonaldTrump's 'Madman Approach' to North Korea Gets Credit From Mainstream Media https://t.co/QFQgiUWa0L,0.3818,0.178,0.822,0.0
318,@FoxNews,Thu Mar 08 19:42:03 +0000 2018,"Mexican presidential hopeful campaigns in California, slams @realDonaldTrump and backs illegal immigrants https://t.co/BKYJ2Z5dzv",-0.128,0.182,0.552,0.265
319,@FoxNews,Thu Mar 08 19:38:16 +0000 2018,U.S. Congress job performance. https://t.co/gbyk9flzsW,0.0,0.0,1.0,0.0
320,@FoxNews,Thu Mar 08 19:38:12 +0000 2018,.@Stanford rejects College Republicans' proposed logo because it shows American flag https://t.co/e82rZbjZhE,-0.4939,0.0,0.775,0.225
321,@FoxNews,Thu Mar 08 19:34:11 +0000 2018,Professor on leave after telling Asian-American couple to 'go back to your home country' https://t.co/dHHwHH5lUl,-0.0516,0.0,0.921,0.079
322,@FoxNews,Thu Mar 08 19:31:08 +0000 2018,.@KristinBTate: Women of Trump Admin Would Be 'Worshipped' by Media If They Were Liberals #InternationalWomensDay https://t.co/Bg9m6Yraq4,0.0,0.0,1.0,0.0
323,@FoxNews,Thu Mar 08 19:19:58 +0000 2018,"Moments ago, California Sen. @KamalaHarris slammed President @realDonaldTrump and AG Jeff Sessions over immigration‚Ä¶ https://t.co/hw6OSsqfg5",0.0,0.0,1.0,0.0
324,@FoxNews,Thu Mar 08 19:15:39 +0000 2018,".@SpeakerRyan visits The Home Depot's Store Support Center in Atlanta, one of the companies that rewarded its hourl‚Ä¶ https://t.co/m2NUslwR1M",0.7096,0.258,0.742,0.0
325,@FoxNews,Thu Mar 08 19:05:00 +0000 2018,".@LaraLeaTrump: ""@JoeBiden has been living off #TheSwamp for five decades."" #OutnumberedOT https://t.co/FVVQ1QiT7o",0.0,0.0,1.0,0.0
326,@FoxNews,Thu Mar 08 19:00:00 +0000 2018,"Sgt. @Sean_C_Larkin: ‚ÄúI've been a police officer 21 years...the respect for police officers has changed, and it's s‚Ä¶ https://t.co/kOrv3R4R3l",0.4767,0.154,0.846,0.0
327,@FoxNews,Thu Mar 08 18:57:46 +0000 2018,Violent brawl delays Southwest Airlines flight after overhead bin fight https://t.co/Ak0o8YW0Uy,-0.7579,0.0,0.581,0.419
328,@FoxNews,Thu Mar 08 18:50:27 +0000 2018,".@LaraLeaTrump: ""The reality is women a lot of times I don't think are voicing their support for @POTUS because som‚Ä¶ https://t.co/xpgBd83nux",0.4019,0.13,0.87,0.0
329,@FoxNews,Thu Mar 08 18:47:12 +0000 2018,".@LaraLeaTrump: ""@JoeBiden has been living off #TheSwamp for five decades."" #OutnumberedOT https://t.co/xhOZZtZEn6",0.0,0.0,1.0,0.0
330,@FoxNews,Thu Mar 08 18:44:01 +0000 2018,".@HomeDepot pledges $50 million to train 20,000 skilled laborers, military veterans wanted https://t.co/7W5vGe6Ust",0.0,0.0,1.0,0.0
331,@FoxNews,Thu Mar 08 18:39:48 +0000 2018,Nimble dad delivers daughter in front seat of car and cuts umbilical cord with shoelace https://t.co/SCbku4I3Zq,-0.296,0.0,0.872,0.128
332,@FoxNews,Thu Mar 08 18:32:14 +0000 2018,JUST IN: UK officials say 21 people now being treated in ex-Russian spy poisoning https://t.co/jFV1ldJzGf,-0.5859,0.0,0.787,0.213
333,@FoxNews,Thu Mar 08 18:30:00 +0000 2018,"At a Cabinet meeting today, President @realDonaldTrump slammed Oakland Mayor @LibbySchaaf. https://t.co/zpLyEfn6gY https://t.co/H7vWy5vYLk",0.0,0.0,1.0,0.0
334,@FoxNews,Thu Mar 08 18:24:43 +0000 2018,"Trump's parting words to adviser Gary Cohn: 'He may be a globalist, but I still like him' - via @brookefoxnews 
https://t.co/23WrcB0yS4",0.5023,0.16,0.84,0.0
335,@FoxNews,Thu Mar 08 18:23:39 +0000 2018,"'Where Is Their Disavowal?': @kimguilfoyle Rips Group of House Dems for @LouisFarrakhan Connections
https://t.co/rnIybLHgoA",0.0,0.0,1.0,0.0
336,@FoxNews,Thu Mar 08 18:15:20 +0000 2018,".@seanspicer: ""This has nothing to do with [@PaulManafort's] actions stemming from the Trump campaign.""‚Ä¶ https://t.co/d5PTwwAnjU",0.0,0.0,1.0,0.0
337,@FoxNews,Thu Mar 08 18:15:00 +0000 2018,".@NASA releases 'unearthly' pictures of Jupiter, showing 9 massive cyclones with Category 5 hurricane wind speeds‚Ä¶ https://t.co/4zMbJ152uW",0.0,0.0,1.0,0.0
338,@FoxNews,Thu Mar 08 18:11:40 +0000 2018,Army sets sights on new sniper rifle https://t.co/8FOgpH1cAw,0.0,0.0,1.0,0.0
339,@FoxNews,Thu Mar 08 18:04:01 +0000 2018,Disney boss tells shareholders that ‚ÄòThe View‚Äô star Joy Behar apologized for anti-Christian remarks https://t.co/Q5Om2ALO57,0.7269,0.319,0.681,0.0
340,@FoxNews,Thu Mar 08 18:02:11 +0000 2018,#InternationalWomensDay sparks reactions from big name celebrities https://t.co/LO9Xw9wcXO,0.0,0.0,1.0,0.0
341,@FoxNews,Thu Mar 08 17:55:00 +0000 2018,.@washingtonpost calls out @DNC Chair @TomPerez over false claim that DNC hit fundraising records. https://t.co/eLjVTDLYUz,0.0,0.0,1.0,0.0
342,@FoxNews,Thu Mar 08 17:50:00 +0000 2018,".@POTUS: ""This is Gary Cohn's last meeting... He may be a globalist but I still like him."" https://t.co/Uh5SVUHsu8",0.5023,0.178,0.822,0.0
343,@FoxNews,Thu Mar 08 17:45:00 +0000 2018,MOMENTS AGO: Former @POTUS campaign chair @PaulManafort appears at U.S. district court for an arraignment hearing. https://t.co/j9y9vUBIr4,0.0,0.0,1.0,0.0
344,@FoxNews,Thu Mar 08 17:40:00 +0000 2018,".@POTUS: ""We're going to protect the American worker."" https://t.co/zLnXKFCO4t",0.3818,0.245,0.755,0.0
345,@FoxNews,Thu Mar 08 17:32:17 +0000 2018,"Ex-@FoodNetwork star says @POTUS scares immigrants, shrinking the workforce - via @FoxBusiness https://t.co/9X36Vq3xpe",-0.34,0.0,0.821,0.179
346,@FoxNews,Thu Mar 08 17:24:43 +0000 2018,Dreamers to Democrats: We're tired of your lies https://t.co/0gdvZlQpio,-0.6908,0.0,0.551,0.449
347,@FoxNews,Thu Mar 08 17:12:17 +0000 2018,"Moments ago, President @realDonaldTrump celebrated #InternationalWomensDay by touting positive economic news for th‚Ä¶ https://t.co/zn4nRtFZlZ",0.765,0.365,0.55,0.085
348,@FoxNews,Thu Mar 08 17:03:15 +0000 2018,".@POTUS: ""@NASA's making tremendous strides and we're using a lot of private money."" https://t.co/Qq2xeLAcXI",0.0,0.0,1.0,0.0
349,@FoxNews,Thu Mar 08 17:01:48 +0000 2018,".@POTUS: ""This is Gary Cohn's last meeting... He may be a globalist but I still like him."" https://t.co/AZO4dYLacX",0.5023,0.178,0.822,0.0
350,@FoxNews,Thu Mar 08 17:00:15 +0000 2018,".@POTUS: ""What the mayor of Oakland did the other day was a disgrace."" https://t.co/d40THxgiYl",0.0,0.0,1.0,0.0
351,@FoxNews,Thu Mar 08 16:59:56 +0000 2018,".@POTUS: ""You want the money, you can't have sanctuary cities."" https://t.co/laEJX04LNc",0.0772,0.115,0.885,0.0
352,@FoxNews,Thu Mar 08 16:59:33 +0000 2018,"RT @FoxBusiness: .@POTUS: ""Bump stocks"" are going to be gone. https://t.co/4sW7sepiYO",0.0,0.0,1.0,0.0
353,@FoxNews,Thu Mar 08 16:58:28 +0000 2018,".@POTUS: ""We're working to harden our schools and to make them less vulnerable to attack."" https://t.co/hP8NEsqmYf",-0.1548,0.0,0.903,0.097
354,@FoxNews,Thu Mar 08 16:57:03 +0000 2018,".@POTUS: ""The unemployment rate for women in our workforce is at an 18-year low."" #InternationalWomensDay https://t.co/nMQQi2MQ05",-0.4404,0.0,0.838,0.162
355,@FoxNews,Thu Mar 08 16:56:28 +0000 2018,".@POTUS: ""Today is #InternationalWomensDay and we're proud in all of the measures we've taken economically to empow‚Ä¶ https://t.co/JOW2fXCQmH",0.4767,0.154,0.846,0.0
356,@FoxNews,Thu Mar 08 16:55:52 +0000 2018,".@POTUS: ""We're going to protect the American worker."" https://t.co/D0sJdWnsW4",0.3818,0.245,0.755,0.0
357,@FoxNews,Thu Mar 08 16:55:01 +0000 2018,".@POTUS: ""We've created almost 3 million new jobs since the election."" https://t.co/A3LhA89pXm",0.25,0.167,0.833,0.0
358,@FoxNews,Thu Mar 08 16:55:00 +0000 2018,"Chicago bus crash caught in crazy surveillance video, 6 injured https://t.co/ARxzY5LMul",-0.7783,0.0,0.473,0.527
359,@FoxNews,Thu Mar 08 16:54:36 +0000 2018,".@POTUS: ""Our very massive tax cuts are continuing to show tremendous results. 90% of American workers are already‚Ä¶ https://t.co/A4vho31zx8",-0.3535,0.0,0.88,0.12
360,@FoxNews,Thu Mar 08 16:49:22 +0000 2018,New York Times issues embarrassing correction after botching story attacking Trump‚Äôs tax plan https://t.co/1EqiEwoPsR,-0.6808,0.0,0.682,0.318
361,@FoxNews,Thu Mar 08 16:39:59 +0000 2018,.@Oprah's ultra-PC #WrinkleinTime stung with bad reviews as ‚Äòcringeworthy‚Äô $100 million dollar @Disney movie could‚Ä¶ https://t.co/gad9Z1bbgI,-0.5423,0.0,0.811,0.189
362,@FoxNews,Thu Mar 08 16:34:28 +0000 2018,"Israeli Prime Minister @Netanyahu attends the opening of a special exhibit at the @UN celebrating 3,000 years of Je‚Ä¶ https://t.co/0knlzJjJHX",0.7506,0.274,0.726,0.0
363,@FoxNews,Thu Mar 08 16:33:33 +0000 2018,"53-year-old man allegedly stabs deputy, hurts another in California https://t.co/YJlcB4Z4w3 #FoxNewsUS",-0.7184,0.0,0.6,0.4
364,@FoxNews,Thu Mar 08 16:28:51 +0000 2018,Army sets sights on new sniper rifle https://t.co/8FOgpH1cAw,0.0,0.0,1.0,0.0
365,@FoxNews,Thu Mar 08 16:20:25 +0000 2018,"Earlier today, @FLOTUS tweeted her celebration of #InternationalWomensDay. https://t.co/Y6vcQ2BinE https://t.co/TZUJXaFz79",0.0,0.0,1.0,0.0
366,@FoxNews,Thu Mar 08 16:13:57 +0000 2018,"U.S., South Korean intelligence probe reports of Kim Jong Un health woes - via @HollieSMcKay https://t.co/SX4N99MNIF",0.0516,0.163,0.684,0.153
367,@FoxNews,Thu Mar 08 16:02:33 +0000 2018,.@NancyPelosi holds a news conference https://t.co/lcckGfWyQR,0.0,0.0,1.0,0.0
368,@FoxNews,Thu Mar 08 15:56:33 +0000 2018,"RT @FoxBusiness: .@Varneyco: ""This president unleashed American capitalism. That's what was so worrying to the left... Capitalism is delive‚Ä¶",-0.4795,0.0,0.852,0.148
369,@FoxNews,Thu Mar 08 15:56:29 +0000 2018,"RT @FoxBusiness: .@JerryBrownGov on DOJ lawsuit against California: ""This lawsuit is going to last a lot longer than the Trump administrati‚Ä¶",-0.4215,0.0,0.826,0.174
370,@FoxNews,Thu Mar 08 15:56:26 +0000 2018,"RT @FoxBusiness: Random, terrifying laughter from Amazon's Alexa creeps out its users https://t.co/SfFNXR9duf https://t.co/cMaAqhp5WT",-0.128,0.169,0.635,0.196
371,@FoxNews,Thu Mar 08 15:52:04 +0000 2018,.@ICEgov Director Calls Out 'Political Game' by CA Dems: 'They Don't Want to Know the Facts' https://t.co/ZOf3stHY4H https://t.co/PvU1gXE8Bc,-0.0572,0.0,0.933,0.067
372,@FoxNews,Thu Mar 08 15:38:48 +0000 2018,.@marthamaccallum on living female empowerment rather than wearing it on a t-shirt https://t.co/cjT9UDDAY8,0.0,0.0,1.0,0.0
373,@FoxNews,Thu Mar 08 15:38:26 +0000 2018,Senators @LindseyGrahamSC and @SenBlumenthal hold a news conference on their legislation to help prevent individual‚Ä¶ https://t.co/DXkwYQjW2O,0.4215,0.226,0.774,0.0
374,@FoxNews,Thu Mar 08 15:38:00 +0000 2018,New Pennsylvania congressional districts. https://t.co/11LFiLj1lc,0.0,0.0,1.0,0.0
375,@FoxNews,Thu Mar 08 15:29:19 +0000 2018,".@SenJohnKennedy: ""I don't think any person should be surprised. @POTUS, even before he was president, talked about‚Ä¶ https://t.co/F9qAugmk0i",0.2263,0.101,0.899,0.0
376,@FoxNews,Thu Mar 08 15:24:24 +0000 2018,USS John S McCain fatal collision blamed on 'sudden turn': report https://t.co/4YZS2itgJU,-0.8442,0.0,0.468,0.532
377,@FoxNews,Thu Mar 08 15:19:05 +0000 2018,"McDonald‚Äôs flips logo upside down for International Women‚Äôs Day, but Twitter users aren‚Äôt lovin‚Äô it https://t.co/l8QwIBmGP3",0.0,0.0,1.0,0.0
378,@FoxNews,Thu Mar 08 15:10:52 +0000 2018,"On @AmericaNewsroom, @SteveHiltonx slammed @JerryBrownGov's ""reign of terror"" in California. https://t.co/yVnvxb8K7h https://t.co/oEQH8hbuC2",-0.5267,0.0,0.764,0.236
379,@FoxNews,Thu Mar 08 15:07:54 +0000 2018,Judge Andrew Napolitano: Why Trump remains smack in the middle of Mueller's legal crosshairs https://t.co/ZMGgqRzOzA,0.128,0.097,0.903,0.0
380,@FoxNews,Thu Mar 08 14:58:00 +0000 2018,".@SteveHiltonx: ""The California Democrats have moved so far left on immigration they're halfway to Hawaii."" https://t.co/GL3Kv4aHWs",0.0,0.0,1.0,0.0
381,@FoxNews,Thu Mar 08 14:56:05 +0000 2018,"Missouri police officer killed responding to 911 call was at wrong house, officials say https://t.co/T61rAsMAWY",-0.8225,0.0,0.631,0.369
382,@FoxNews,Thu Mar 08 14:49:23 +0000 2018,".@DarrellIssa: ""@EricHolder had systematically obstructed justice, not just against the Senate and the House, but a‚Ä¶ https://t.co/f0cxZgMPuo",0.296,0.121,0.879,0.0
383,@FoxNews,Thu Mar 08 14:39:45 +0000 2018,Trump hints at steel tariff flexibility for 'real friends' https://t.co/HzI8AVDanQ,0.6705,0.407,0.593,0.0
384,@FoxNews,Thu Mar 08 14:30:09 +0000 2018,".@KellyannePolls: ""[@POTUS] believes this country has been on the losing side of trade deals for decades... He want‚Ä¶ https://t.co/NU1hxOAFYx",-0.3818,0.0,0.874,0.126
385,@FoxNews,Thu Mar 08 14:26:24 +0000 2018,"California boy, 14, arrested for pretending to be sheriff‚Äôs deputy, initiated traffic stop https://t.co/sw9Wy3Ad0v",-0.5994,0.079,0.621,0.299
386,@FoxNews,Thu Mar 08 14:09:33 +0000 2018,".@KellyannePolls: ""As a candidate, as the president, he's been incredibly consistent at looking at all of this thro‚Ä¶ https://t.co/3d4ockgncj",0.0,0.0,1.0,0.0
387,@FoxNews,Thu Mar 08 14:08:44 +0000 2018,"RT @FoxBusiness: .@LaraLeaTrump: ""People who did not vote for [@POTUS] in 2016, with the tax cuts, with jobs coming back to this country, t‚Ä¶",-0.296,0.0,0.913,0.087
388,@FoxNews,Thu Mar 08 14:05:30 +0000 2018,Ingraham on Liberal Youth: The Obama Legacy is Our 'Constant State of Protest and Agitation' https://t.co/iPAh5AZski,-0.4588,0.0,0.778,0.222
389,@FoxNews,Thu Mar 08 13:55:00 +0000 2018,"Thomas Homan, Acting Dir. of @ICEgov: ""I would think that the Oakland mayor and the Congressional representatives i‚Ä¶ https://t.co/2CeFur1akX",0.0,0.0,1.0,0.0
390,@FoxNews,Thu Mar 08 13:45:00 +0000 2018,".@leezeldin on Dems' ties to @LouisFarrakhan: ""They would throw me so far out of Congress if I sat down with someon‚Ä¶ https://t.co/hOEP5htwdS",0.0,0.0,1.0,0.0
391,@FoxNews,Thu Mar 08 13:39:51 +0000 2018,"Thomas Homan, Acting Dir. of @ICEgov: ""I would think that the Oakland mayor and the Congressional representatives i‚Ä¶ https://t.co/3Mts0AxTtk",0.0,0.0,1.0,0.0
392,@FoxNews,Thu Mar 08 13:39:00 +0000 2018,".@leezeldin: ""@RepAdamSchiff and his colleagues on the House Democratic, the Intel. Committee - they go to the medi‚Ä¶ https://t.co/QNYcG9URG8",0.0,0.0,1.0,0.0
393,@FoxNews,Thu Mar 08 13:37:21 +0000 2018,"Thomas Homan, Acting Dir. of @ICEgov: ""We're not abusing our authority. We're enforcing the law. And what‚Ä¶ https://t.co/WxJXm05oU7",0.3089,0.126,0.812,0.062
394,@FoxNews,Thu Mar 08 13:35:49 +0000 2018,"Thomas Homan, Acting Dir. of @ICEgov: ""A lot of criminal aliens were not found because they were given advanced war‚Ä¶ https://t.co/dmNQ4UzmBM",-0.34,0.082,0.779,0.139
395,@FoxNews,Thu Mar 08 13:35:05 +0000 2018,"Decapitated body found near remote ammo-filled survivalist bunker in Washington, police say https://t.co/DX4caRz44c",0.0,0.0,1.0,0.0
396,@FoxNews,Thu Mar 08 13:28:22 +0000 2018,Connecticut Governor @GovMalloyOffice: The @NRA Has Become a 'Terrorist Organization' https://t.co/7GmpB2IrU7 https://t.co/hRoa2DR34P,-0.6908,0.0,0.68,0.32
397,@FoxNews,Thu Mar 08 13:20:00 +0000 2018,".@DLoesch on @GovMalloyOffice likening @NRA to terrorists: ""Maybe making my kids get all their homework done makes‚Ä¶ https://t.co/xWm016cRgG",-0.6249,0.0,0.806,0.194
398,@FoxNews,Thu Mar 08 13:19:30 +0000 2018,Single Lindsey Vonn can't find a suitable date https://t.co/PNqsF3HtmM,0.0,0.0,1.0,0.0
399,@FoxNews,Thu Mar 08 13:10:00 +0000 2018,".@SebGorka: ""How about spending some time censoring jihadis online if you're a big social media company as opposed‚Ä¶ https://t.co/QTINiLTiL1",0.0,0.0,1.0,0.0
400,@nytimes,Thu Mar 08 20:35:09 +0000 2018,"A revamped TPP has been signed by Canada, Japan and 9 other nations. The U.S. had backed out of the sweeping trade‚Ä¶ https://t.co/dlo4ZiiHTA",0.0258,0.052,0.948,0.0
401,@nytimes,Thu Mar 08 20:25:09 +0000 2018,From everyone cares and everything matters to no one cares and nothing matters. Here are 25 songs that tell us wher‚Ä¶ https://t.co/WrWO20bfRl,0.6124,0.299,0.62,0.08
402,@nytimes,Thu Mar 08 20:15:14 +0000 2018,"RT @peterbakernyt: As aides head for the doors in record numbers, Trump increasingly relies on his own judgment, in effect operating a pres‚Ä¶",0.0,0.0,1.0,0.0
403,@nytimes,Thu Mar 08 20:05:07 +0000 2018,"‚ÄúIt‚Äôs sort of disheartening at first to realize how much we humans are responsible,"" one MIT researcher said of fal‚Ä¶ https://t.co/Is8MHKlM3C",-0.4754,0.0,0.866,0.134
404,@nytimes,Thu Mar 08 20:02:56 +0000 2018,"In this commercial, see how The New York Times shines a light on women‚Äôs rights around the world‚Ä¶ https://t.co/IYXFimC3RY",0.0,0.0,1.0,0.0
405,@nytimes,Thu Mar 08 19:55:06 +0000 2018,"The sickle cell mutation arose 7,300 years ago in just one person in West Africa, scientists say. Its purpose: a sh‚Ä¶ https://t.co/uvwLqD4yiI",0.0,0.0,1.0,0.0
406,@nytimes,Thu Mar 08 19:45:06 +0000 2018,"Despite ominous rumblings, a trade war is not inevitable. Here's why. https://t.co/VTWS84K9GR",-0.743,0.0,0.588,0.412
407,@nytimes,Thu Mar 08 19:35:03 +0000 2018,RT @TomJolly: A unique @nytimes special section coming Sunday devoted to  remarkable women who were overlooked in our obituaries - until no‚Ä¶,0.836,0.345,0.613,0.042
408,@nytimes,Thu Mar 08 19:25:06 +0000 2018,"Michael B. Jordan says his company will adopt inclusion riders, the diversity effort championed by Frances McDorman‚Ä¶ https://t.co/TWUvNJcIqX",0.4404,0.196,0.804,0.0
409,@nytimes,Thu Mar 08 19:15:11 +0000 2018,RT @nytvideo: Today is International Women's Day. These are our best videos about women around the world: https://t.co/qcOdXNPcrh,0.6369,0.198,0.802,0.0
410,@nytimes,Thu Mar 08 19:05:51 +0000 2018,"Here‚Äôs how @bxchen rated the Galaxy S9‚Äôs new features, using a series of AR Emoji https://t.co/UtoqDZpYSt https://t.co/Td3HZnYFsh",0.0,0.0,1.0,0.0
411,@nytimes,Thu Mar 08 18:55:07 +0000 2018,"Peter Thiel, Silicon Valley‚Äôs iconoclast, argues that the anger being turned on Facebook is less about Russia and m‚Ä¶ https://t.co/M001mevhc5",-0.743,0.0,0.741,0.259
412,@nytimes,Thu Mar 08 18:45:07 +0000 2018,RT @MaggieAstor: The Florida legislature passed its first gun control bill in years. Here's what's in it. https://t.co/NA0srjqxYA,-0.34,0.0,0.876,0.124
413,@nytimes,Thu Mar 08 18:35:08 +0000 2018,"Adam Rippon: ""I kind of have a feeling that I‚Äôve used the Olympics to get myself to meet the world"" https://t.co/jycpwaju5R",0.128,0.073,0.927,0.0
414,@nytimes,Thu Mar 08 18:25:03 +0000 2018,Cigna struck a big deal for Express Scripts. Here's what it reveals about health care. https://t.co/fm175MQ0TQ,0.296,0.176,0.714,0.11
415,@nytimes,Thu Mar 08 18:15:07 +0000 2018,"RT @nytopinion: The next Standing Rock may be in Oregon, where the Klamath Tribes have joined with other Native American tribes to oppose a‚Ä¶",0.0,0.0,1.0,0.0
416,@nytimes,Thu Mar 08 18:05:03 +0000 2018,"President Trump said he might spare close allies such as Canada, Mexico and Australia from the stiff new tariffs he‚Ä¶ https://t.co/J4W0zK6fau",0.0,0.0,1.0,0.0
417,@nytimes,Thu Mar 08 17:54:03 +0000 2018,RT @ckoettl: 1/8 Here‚Äôs how we used satellite images &amp; geographic data to find burned villages in the Democratic Republic of Congo. We comb‚Ä¶,0.0,0.0,1.0,0.0
418,@nytimes,Thu Mar 08 17:45:08 +0000 2018,President Trump said violent video games and movies may play a role in school shootings ‚Äî a claim that has been rej‚Ä¶ https://t.co/Oic9z5FW93,-0.3612,0.099,0.741,0.16
419,@nytimes,Thu Mar 08 17:35:07 +0000 2018,Clocks spring forward this weekend. Florida never wants them to fall back. https://t.co/tWqLL2Qooe,0.0,0.0,1.0,0.0
420,@nytimes,Thu Mar 08 17:27:00 +0000 2018,"Henrietta Lacks 1920-1951

Cancer cells were taken from her body without permission. They led to a medical revoluti‚Ä¶ https://t.co/ahGsObOCRA",-0.6597,0.0,0.794,0.206
421,@nytimes,Thu Mar 08 17:23:00 +0000 2018,"Qiu Jin 1875-1907

With her passion for wine and bomb making, Qiu Jin was unlike most women born in late 19th-centu‚Ä¶ https://t.co/BkarOc1r1g",-0.0516,0.115,0.763,0.122
422,@nytimes,Thu Mar 08 17:19:00 +0000 2018,"Sylvia Plath 1932-1963

‚ÄúOut of the ash
I rise with my red hair
And I eat men like air.‚Äù https://t.co/2BZvaJLlKW",0.3612,0.128,0.872,0.0
423,@nytimes,Thu Mar 08 17:15:01 +0000 2018,"We are committed to doing better. We‚Äôll be adding to this collection each week, as Overlooked becomes a regular fea‚Ä¶ https://t.co/iRt1DJFcm4",0.5994,0.216,0.736,0.048
424,@nytimes,Thu Mar 08 17:12:35 +0000 2018,"Historically, distant conflicts have been difficult to analyze. But new technologies allow us to investigate them i‚Ä¶ https://t.co/KQLgXtpJmj",-0.4939,0.086,0.682,0.232
425,@nytimes,Thu Mar 08 17:05:08 +0000 2018,"We used NASA data, satellite imagery and video forensics to investigate a recent flare-up of violence in the Democr‚Ä¶ https://t.co/kb4GS4GERK",-0.6249,0.0,0.814,0.186
426,@nytimes,Thu Mar 08 16:55:10 +0000 2018,"If you‚Äôre worried about the stock market, find someone to give you a hug. Let us explain. https://t.co/4fY0CMPQbY",0.2263,0.153,0.739,0.108
427,@nytimes,Thu Mar 08 16:45:17 +0000 2018,RT @SarahMaslinNir: Yeah the subways are bad. Have you tried riding the bus?  My story on what‚Äôs gone wrong as the city buses lose record r‚Ä¶,-0.7964,0.066,0.657,0.278
428,@nytimes,Thu Mar 08 16:30:17 +0000 2018,"""In my career, and I‚Äôve been doing this since I was 14, I‚Äôve never seen anything like this. So many more young peop‚Ä¶ https://t.co/jJf19q2wln",-0.2755,0.0,0.912,0.088
429,@nytimes,Thu Mar 08 16:15:16 +0000 2018,"RT @nytopinion: Trump's hires include people who confess to crimes, who are secretly operating as foreign agents, who allegedly beat their‚Ä¶",0.0,0.0,1.0,0.0
430,@nytimes,Thu Mar 08 16:08:07 +0000 2018,An ex-Russian spy and his daughter are in critical but stable condition after being poisoned by a nerve agent in En‚Ä¶ https://t.co/gUX0Uxm4YT,-0.4854,0.105,0.673,0.222
431,@nytimes,Thu Mar 08 16:00:22 +0000 2018,How to spend 36 hours in Auckland https://t.co/iMTInGZYN8,0.0,0.0,1.0,0.0
432,@nytimes,Thu Mar 08 15:46:03 +0000 2018,RT @nytpolitics: Robert Mueller has learned of two conversations in recent months in which President Trump asked key witnesses about matter‚Ä¶,0.0,0.0,1.0,0.0
433,@nytimes,Thu Mar 08 15:30:04 +0000 2018,"""I collected active-fire data from NASA ‚Äî thermal anomalies, or hot spots, that are recorded daily. It showed dozen‚Ä¶ https://t.co/86kdZT9vJt",0.0,0.0,1.0,0.0
434,@nytimes,Thu Mar 08 15:16:03 +0000 2018,The Republican-controlled House plans to vote next week on legislation to beef up security at the nation's schools https://t.co/KspRcraIP6,0.34,0.118,0.882,0.0
435,@nytimes,Thu Mar 08 15:04:52 +0000 2018,"@NatalieOrnell This is just a start. We‚Äôll be adding to this collection each week, as Overlooked becomes a regular‚Ä¶ https://t.co/wIgq14YgOD",-0.0258,0.0,0.939,0.061
436,@nytimes,Thu Mar 08 15:00:37 +0000 2018,Morning¬†Briefing: Here's what you need to know to start your day https://t.co/LplSWO0gCH https://t.co/eGXYbEWLYF,0.0,0.0,1.0,0.0
437,@nytimes,Thu Mar 08 14:43:05 +0000 2018,RT @nytgraphics: Airports and cities around the Bay Area could be submerged in 80 years https://t.co/4WHKg5C4a2,0.0,0.0,1.0,0.0
438,@nytimes,Thu Mar 08 14:29:03 +0000 2018,"Florida gun bill: What's in it, and what isn't https://t.co/WP3uMOood0",-0.34,0.0,0.789,0.211
439,@nytimes,Thu Mar 08 14:21:12 +0000 2018,The video shows a black man being Tasered and beaten during a confrontation with 2 white police officers who accuse‚Ä¶ https://t.co/cj4LG0F1U1,-0.6249,0.0,0.758,0.242
440,@nytimes,Thu Mar 08 14:11:04 +0000 2018,"Feminist groups in Spain asked women to spend no money and to ignore chores for the day to go on a ""domestic"" strike https://t.co/Xq1ooSX9sg",-0.6369,0.0,0.763,0.237
441,@nytimes,Thu Mar 08 14:00:29 +0000 2018,China pledged to hit back at the United States if it sets off a trade war https://t.co/3UuDGD2gjF,-0.2732,0.135,0.676,0.188
442,@nytimes,Thu Mar 08 13:44:04 +0000 2018,"New York City‚Äôs failing subways get a lot of attention. But its buses, which serve a more vulnerable population, ar‚Ä¶ https://t.co/RhKDwRqBHN",-0.6697,0.0,0.756,0.244
443,@nytimes,Thu Mar 08 13:31:04 +0000 2018,Stormy Daniels was the topic du jour of late night comedy on Wednesday. A roundup: https://t.co/mg7cidxv1k,0.3612,0.152,0.848,0.0
444,@nytimes,Thu Mar 08 13:20:02 +0000 2018,President Trump dined at the ornate home of a prominent Washington lawyer with wealthy donors who are expected to p‚Ä¶ https://t.co/Hs5DJf5S71,0.5859,0.211,0.789,0.0
445,@nytimes,Thu Mar 08 13:08:00 +0000 2018,"Ida B. Wells 1862-1931

‚ÄúSomebody must show that the Afro-American race is more sinned against than sinning, and it‚Ä¶ https://t.co/iu4vU15aBD",0.25,0.095,0.905,0.0
446,@nytimes,Thu Mar 08 13:04:00 +0000 2018,"Madhubala 1933-1969

Madhubala was barely 16 when she became a Bollywood superstar. And she was uninhibited for an‚Ä¶ https://t.co/rjxSx8Tg5o",0.0,0.0,1.0,0.0
447,@nytimes,Thu Mar 08 13:00:06 +0000 2018,"Since 1851, obituaries in The New York Times have been dominated by white men. Now, we're adding the stories of 15‚Ä¶ https://t.co/DUv6REyUMJ",0.0,0.0,1.0,0.0
448,@nytimes,Thu Mar 08 12:49:07 +0000 2018,Morning¬†Briefing: Here's what you need to know to start your day https://t.co/PfZAmKU0Kz https://t.co/CBURYaUUF6,0.0,0.0,1.0,0.0
449,@nytimes,Thu Mar 08 12:41:05 +0000 2018,"In Opinion

Op-Ed contributor Sylvie Kauffmann writes, ""Senior European officials admit that however good their coo‚Ä¶ https://t.co/6mZLKkVzmj",0.5719,0.239,0.761,0.0
450,@nytimes,Thu Mar 08 12:30:16 +0000 2018,"In two months, the United States plans to open a new embassy to fulfill Trump's recognition of Jerusalem as Israel'‚Ä¶ https://t.co/UJkEf0Xo3b",0.6908,0.241,0.759,0.0
451,@nytimes,Thu Mar 08 12:19:04 +0000 2018,"The United States has moved to allow hunters to import big-game trophies, including elephant tusks and lion hides,‚Ä¶ https://t.co/LmyVoENHLl",0.5719,0.217,0.783,0.0
452,@nytimes,Thu Mar 08 12:11:04 +0000 2018,"President Trump is set to formalize tariffs on steel and aluminum imports, over the objections of more than 100 Rep‚Ä¶ https://t.co/OiqBm3vxbD",0.0,0.0,1.0,0.0
453,@nytimes,Thu Mar 08 11:59:06 +0000 2018,The video shows a black man being Tasered and beaten during a confrontation with 2 white police officers who accuse‚Ä¶ https://t.co/BBaYD3JbnV,-0.6249,0.0,0.758,0.242
454,@nytimes,Thu Mar 08 11:50:00 +0000 2018,@ChuBailiang Even those who thought that they had taken the full measure of Xi Jinping's ambition are surprised by‚Ä¶ https://t.co/Mlz3e1e8wp,0.2263,0.091,0.909,0.0
455,@nytimes,Thu Mar 08 11:45:04 +0000 2018,"A group of 11 nations ‚Äî including major U.S. allies like Japan, Canada and Australia ‚Äî is set to sign a broad trade‚Ä¶ https://t.co/kbxPa3e9X6",0.3612,0.116,0.884,0.0
456,@nytimes,Thu Mar 08 11:30:27 +0000 2018,Morning¬†Briefing: Here's what you need to know to start your day https://t.co/uA0TR0tqy9 https://t.co/07nGM9rwNh,0.0,0.0,1.0,0.0
457,@nytimes,Thu Mar 08 11:15:06 +0000 2018,Even those who thought that they had taken the full measure of Xi Jinpin's ambition are surprised by how fast he ha‚Ä¶ https://t.co/R2YpFopJoY,0.2263,0.079,0.921,0.0
458,@nytimes,Thu Mar 08 11:00:04 +0000 2018,These extraordinary women ‚Äî and so many others ‚Äî did not have obituaries in The New York Times. Until now. https://t.co/wXBoqxi2TZ,0.0,0.0,1.0,0.0
459,@nytimes,Thu Mar 08 10:47:06 +0000 2018,"Peter Madsen, who is said to have killed and dismembered journalist Kim Wall, goes on trial in Denmark https://t.co/Fp3E6IYchG",-0.6705,0.0,0.8,0.2
460,@nytimes,Thu Mar 08 10:30:10 +0000 2018,"RT @RorySmith: What struck me most about Juventus last night was that, in those last 15 minutes, Chiellini and Barzagli were definitely hav‚Ä¶",0.1779,0.105,0.817,0.078
461,@nytimes,Thu Mar 08 10:16:04 +0000 2018,"""The E.U. is concerned that behind it all, there are people in the U.S. administration that don't care that there m‚Ä¶ https://t.co/dPxO0566Sx",-0.3875,0.0,0.889,0.111
462,@nytimes,Thu Mar 08 09:59:08 +0000 2018,How to cut down on unwanted junk mail https://t.co/K4kUYQGmvK,-0.4588,0.0,0.636,0.364
463,@nytimes,Thu Mar 08 09:45:11 +0000 2018,"Trump asked his former chief of staff, Reince Priebus, how his interview had gone with the special counsel‚Äôs invest‚Ä¶ https://t.co/Exmmktzf6F",0.4019,0.124,0.876,0.0
464,@nytimes,Thu Mar 08 09:30:09 +0000 2018,"""This is being treated as a major incident involving attempted murder by administration of a nerve agent,"" said Bri‚Ä¶ https://t.co/8nQVbAgnMb",-0.6908,0.0,0.783,0.217
465,@nytimes,Thu Mar 08 09:14:08 +0000 2018,"The cells that eat, regurgitate and then re-eat your tattoos https://t.co/PUQV5Nd1IV",0.0,0.0,1.0,0.0
466,@nytimes,Thu Mar 08 09:02:02 +0000 2018,"President Trump asked key witnesses in the Russia inquiry about matters they discussed with the special counsel, ig‚Ä¶ https://t.co/3Q0HLS2ni3",0.4215,0.183,0.817,0.0
467,@nytimes,Thu Mar 08 08:47:01 +0000 2018,The excavation of Rome‚Äôs newest subway line has been the gift that keeps on giving for archaeologists https://t.co/pFdiUHTYKC,0.6486,0.249,0.751,0.0
468,@nytimes,Thu Mar 08 08:32:07 +0000 2018,"The U.S. will allow hunters to import big-game trophies, including elephant tusks and lion hides, acquired in certa‚Ä¶ https://t.co/4NaALCmuNw",0.0516,0.092,0.825,0.083
469,@nytimes,Thu Mar 08 08:17:06 +0000 2018,RT @nytimesworld: ‚ÄúWill she also call on the crown prince to halt the shocking abuse of human rights in Saudi Arabia?‚Äù -- Jeremy Corbyn on‚Ä¶,-0.7845,0.0,0.769,0.231
470,@nytimes,Thu Mar 08 08:02:07 +0000 2018,Millions of women and children work as sex slaves in India. Meet the woman who has put her life at risk to rescue 2‚Ä¶ https://t.co/FIEVspBiww,0.296,0.116,0.81,0.074
471,@nytimes,Thu Mar 08 07:58:15 +0000 2018,"Listen, There‚Äôs a Smorgasbord of Great Carpets Out There https://t.co/Y9N95RI94Q",0.6249,0.339,0.661,0.0
472,@nytimes,Thu Mar 08 07:32:05 +0000 2018,"RT @nytopinion: Trump could hammer out a bipartisan deal for universal background checks, writes @NickKristof, but he's too afraid of the N‚Ä¶",0.0,0.0,1.0,0.0
473,@nytimes,Thu Mar 08 07:01:35 +0000 2018,"Serve it straight out of the oven, when it's at its puffiest https://t.co/XWvCigl1HA",0.2263,0.137,0.863,0.0
474,@nytimes,Thu Mar 08 06:45:12 +0000 2018,Contributing Op-Ed Writer: Why Europe Is Giving Up on Trump‚Äôs America https://t.co/2umlXtmadJ,0.34,0.179,0.821,0.0
475,@nytimes,Thu Mar 08 06:43:05 +0000 2018,RT @nytimesworld: ‚ÄúWe had hoped that you ‚Äî as someone we and many others have celebrated for your commitment to human dignity and universal‚Ä¶,0.891,0.379,0.621,0.0
476,@nytimes,Thu Mar 08 06:25:08 +0000 2018,"‚ÄúI get a lot of ‚ÄòI feel sorry for your baby.‚Äô Or, ‚ÄòDon‚Äôt you need to be at home with your baby?‚Äô Or, ‚ÄòA mother not‚Ä¶ https://t.co/ra1r4o25Ac",-0.0772,0.0,0.951,0.049
477,@nytimes,Thu Mar 08 06:02:03 +0000 2018,"RT @katierogers: No regrets on the TV marathon, but: ‚ÄúI thought it was a teachable moment, that Americans can understand what this process‚Ä¶",-0.3291,0.0,0.857,0.143
478,@nytimes,Thu Mar 08 05:41:03 +0000 2018,It is believed to be the oldest known message in a bottle ever recovered https://t.co/V3Oj3LFgAq,0.0,0.0,1.0,0.0
479,@nytimes,Thu Mar 08 05:21:02 +0000 2018,More than 100 Republican lawmakers implored President Trump to drop plans for stiff and sweeping steel and aluminum‚Ä¶ https://t.co/mPdlD6h218,-0.2732,0.0,0.896,0.104
480,@nytimes,Thu Mar 08 05:05:02 +0000 2018,Italy‚Äôs Populist Surge May Delay End to Eurozone Stimulus https://t.co/XqALTkPuDu,-0.3182,0.0,0.796,0.204
481,@nytimes,Thu Mar 08 05:02:02 +0000 2018,President Trump's lawyer secretly obtained a restraining order last week to keep the porn star Stormy Daniels quiet‚Ä¶ https://t.co/5Hz6RJu0NB,0.0,0.0,1.0,0.0
482,@nytimes,Thu Mar 08 04:47:04 +0000 2018,"RT @nytopinion: Mass incarceration is inextricably linked to mass undereducation in America. Yale, Princeton, Cornell, Georgetown, Wesleyan‚Ä¶",0.0,0.0,1.0,0.0
483,@nytimes,Thu Mar 08 04:32:02 +0000 2018,The ground around San Francisco Bay is sinking to meet the rising sea https://t.co/3xqicxssMY,0.0,0.0,1.0,0.0
484,@nytimes,Thu Mar 08 04:17:05 +0000 2018,"RT @NickKristof: ""President Trump, Here‚Äôs a teenage hero who stood up to a gunman. Now it's your turn."" My column https://t.co/AMnkU6EijU h‚Ä¶",0.5574,0.159,0.841,0.0
485,@nytimes,Thu Mar 08 04:02:03 +0000 2018,"Jared Kushner met with Mexico‚Äôs president, underscoring a shift in U.S. diplomacy https://t.co/mU0Pzs1LTZ",0.0,0.0,1.0,0.0
486,@nytimes,Thu Mar 08 03:47:02 +0000 2018,"A ""modest experiment"" from Coca-Cola: a spiked, sparkly beverage for the Japanese market https://t.co/1MYCCJFdHs",0.0,0.0,1.0,0.0
487,@nytimes,Thu Mar 08 03:32:03 +0000 2018,The excavation of Rome‚Äôs newest subway line has been the gift that keeps on giving for archaeologists https://t.co/MnTxYvtozC,0.6486,0.249,0.751,0.0
488,@nytimes,Thu Mar 08 03:17:03 +0000 2018,"RT @maggieNYT: W @peterbakernyt, Trump has always had teams of rival gangs but never cycled through staff so fast as he has since entering‚Ä¶",0.0,0.0,1.0,0.0
489,@nytimes,Thu Mar 08 03:02:07 +0000 2018,Attorney General Jeff Sessions targets California immigrants using a ruling that protected them https://t.co/gd9JgXzrNe,0.4404,0.195,0.805,0.0
490,@nytimes,Thu Mar 08 02:47:03 +0000 2018,"RT @NYTNational: Florida lawmakers passed the most significant gun control legislation in decades, on the same day that the Stoneman Dougla‚Ä¶",-0.1494,0.088,0.799,0.113
491,@nytimes,Thu Mar 08 02:32:03 +0000 2018,"Arizona State University suspended Lawrence Krauss, a prominent theoretical physicist, while the university investi‚Ä¶ https://t.co/YsKEFZ9jg2",-0.2023,0.132,0.69,0.178
492,@nytimes,Thu Mar 08 02:17:06 +0000 2018,"There are 3 ways thundersnow can develop in the U.S., but it always brings the element of surprise https://t.co/IpNO31a2bq",0.3919,0.135,0.865,0.0
493,@nytimes,Thu Mar 08 02:02:05 +0000 2018,Evening Briefing: Here's what you need to know at the end of the day https://t.co/6tshloRUv9,0.0,0.0,1.0,0.0
494,@nytimes,Thu Mar 08 01:47:04 +0000 2018,RT @rachelswarns: Are you a member of a family that adopted a child across racial and ethnic lines? We want to hear from you! Share your st‚Ä¶,0.4199,0.147,0.853,0.0
495,@nytimes,Thu Mar 08 01:32:03 +0000 2018,Ted Cruz launched his general re-election campaign by mocking his Democratic opponent for going by his childhood ni‚Ä¶ https://t.co/oLtr84qwea,-0.296,0.071,0.802,0.127
496,@nytimes,Thu Mar 08 01:17:03 +0000 2018,"The U.S. will allow hunters to import big-game trophies, including elephant tusks and lion hides, acquired in certa‚Ä¶ https://t.co/eJbAyHoHud",0.0516,0.092,0.825,0.083
497,@nytimes,Thu Mar 08 01:02:03 +0000 2018,"Near-blizzard conditions consumed portions of the Northeast United States as snow piled up, crashes clogged roadway‚Ä¶ https://t.co/VD3st2i48U",0.4215,0.149,0.851,0.0
498,@nytimes,Thu Mar 08 00:47:03 +0000 2018,RT @nytpolitics: Robert Mueller has learned of two conversations in recent months in which President Trump asked key witnesses about matter‚Ä¶,0.0,0.0,1.0,0.0
499,@nytimes,Thu Mar 08 00:32:05 +0000 2018,A cancer patient in prison was told 3 times he wasn‚Äôt sick enough for ‚Äúcompassionate release.‚Äù As soon as he was ap‚Ä¶ https://t.co/g3HMCEn6CP,-0.9001,0.0,0.621,0.379
